日期,开盘,收盘,最高,最低,成交量,成交额,涨跌幅
2020/11/3,45.72,45.62,45.92,44.98,417210,1897097408,0
2020/11/4,45.96,46.58,47.5,45.67,442601,2065796480,2.1
2020/11/5,47.68,48.12,48.35,47.5,601989,2889935680,3.31
2020/11/6,48,49.11,49.63,47.57,537628,2622692384,2.06
2020/11/9,48.75,48.4,50.07,48,687835,3359309952,-1.45
2020/11/10,48.02,48.77,49.38,47.57,479377,2336442160,0.76
2020/11/11,48.38,47.31,49,47.31,454882,2184005504,-2.99
2020/11/12,48.01,48,48.85,47.44,426364,2049569776,1.46
2020/11/13,47,47.3,47.98,45.8,631453,2970437904,-1.46
2020/11/16,48.96,48.2,48.96,46.98,470580,2255578080,1.9
2020/11/17,48.2,46.74,48.5,45.99,569460,2668247248,-3.03
2020/11/18,46.75,45.85,47.35,44.79,623353,2862410080,-1.9
2020/11/19,46.75,48.1,48.25,45.85,468789,2217180576,4.91
2020/11/20,48.11,47.63,48.2,47.03,353574,1684081216,-0.98
2020/11/23,48,46.76,48.1,46.19,420869,1968911744,-1.83
2020/11/24,46.76,46.13,46.85,45.58,358800,1653697568,-1.35
2020/11/25,45.83,45.61,46.78,45.61,273719,1263159760,-1.13
2020/11/26,46.12,46.03,46.3,44.8,265792,1211364432,0.92
2020/11/27,46.55,47,47.21,45.22,397770,1851851728,2.11
2020/11/30,46.7,45.67,46.91,45.63,353228,1626128176,-2.83
2020/12/1,45.9,45.48,46.28,45.05,416642,1890821904,-0.42
2020/12/2,45.5,44.83,45.68,44.8,305902,1375118464,-1.43
2020/12/3,45.11,45.5,45.78,44.51,325369,1469920896,1.49
2020/12/4,45.14,45.87,46,45.14,307253,1403016064,0.81
2020/12/7,45,44.8,45.52,43.54,503950,2263334016,-2.33
2020/12/8,44.95,44.28,45.2,43.68,502852,2234520128,-1.16
2020/12/9,44.5,43.71,44.63,43.55,352552,1549925488,-1.29
2020/12/10,43.99,45,45.89,43.38,434982,1952422224,2.95
2020/12/11,45.12,44.47,45.4,43.7,456454,2020677472,-1.18
2020/12/14,44.48,45.85,46.3,44.42,510182,2331354752,3.1
2020/12/15,46.3,46.71,47.2,45.85,485532,2268365456,1.88
2020/12/16,46.35,46,46.71,45.63,367432,1691696736,-1.52
2020/12/17,45.74,44.87,46.07,44.62,387467,1750203840,-2.46
2020/12/18,44.7,45.88,45.88,44.54,568843,2577562464,2.25
2020/12/21,45.49,45.19,45.61,43.61,479046,2149480400,-1.5
2020/12/22,44.98,44.82,45.72,44.68,326904,1478956160,-0.82
2020/12/23,44.4,45.76,46.7,44.25,531273,2425960576,2.1
2020/12/24,46.05,47.12,47.5,46.05,599399,2812982480,2.97
2020/12/25,47.38,47.25,47.9,46.7,438999,2080711824,0.28
2020/12/28,46.33,47,47.34,46.33,423222,1983876320,-0.53
2020/12/29,47.14,46.61,47.5,44.91,455530,2113307440,-0.83
2020/12/30,46.31,46.95,47.66,45.98,461890,2175470224,0.73
2020/12/31,46.1,48.51,49.14,46.1,1189437,5785848576,3.32
2021/1/4,48.1,49.8,50.65,46.92,1577934,7675782144,2.66
2021/1/5,49.5,54.78,54.78,49.4,1471561,7956690688,10
2021/1/6,55.5,55.42,58.32,54.8,1317527,7419141888,1.17
2021/1/7,56,58.29,59.45,55.68,936097,5423116544,5.18
2021/1/8,58.2,57.34,58.9,55.72,855450,4894349568,-1.63
2021/1/11,58.01,59,61.31,57.84,1293371,7708604416,2.9
2021/1/12,59.04,61.25,61.55,59.01,841412,5112224512,3.81
2021/1/13,60.8,59.91,61.44,59,720995,4349146880,-2.19
2021/1/14,59.12,57.24,59.69,56.8,624065,3629182992,-4.46
2021/1/15,57.58,58.9,60.97,57.58,572560,3386754288,2.9
2021/1/18,58.21,59.78,61.1,57.07,459471,2736546480,1.49
2021/1/19,59.82,60.59,62.19,59.82,482539,2948151408,1.35
2021/1/20,59.71,60.4,60.58,59.2,462393,2771744368,-0.31
2021/1/21,60.63,63.2,64.57,60.6,746409,4690048512,4.64
2021/1/22,64,66.74,67.88,63.5,686165,4524129280,5.6
2021/1/25,66.81,67.65,70.48,64.53,629224,4255124848,1.36
2021/1/26,66.73,65.1,67.38,64.7,484004,3175946144,-3.77
2021/1/27,65.15,69.08,69.78,63.94,596291,3962059408,6.11
2021/1/28,67.5,63.95,67.5,62.17,846186,5470475264,-7.43
2021/1/29,63.6,63,64.92,61.51,622610,3916791616,-1.49
2021/2/1,63.59,63.66,64.5,61.3,502356,3157186160,1.05
2021/2/2,63.66,64.48,66.06,63.5,452638,2936284480,1.29
2021/2/3,64.48,59.9,66.49,59.12,733881,4634693120,-7.1
2021/2/4,61.01,60.78,62.64,59.9,635136,3881094944,1.47
2021/2/5,60.82,59.64,61.3,58.06,565122,3363584288,-1.88
2021/2/8,59.62,59.88,61.27,58.4,531110,3184120208,0.4
2021/2/9,60.84,62.5,63.65,60.21,556881,3462194272,4.38
2021/2/10,62.5,66,66.5,61.28,556860,3593450416,5.6
2021/2/18,66.01,61.31,67.2,61.05,700399,4421816320,-7.11
2021/2/19,60.6,61.68,62.19,59.52,416276,2547252016,0.6
2021/2/22,61.4,58.64,61.4,57.8,668893,3944737232,-4.93
2021/2/23,58.55,58.36,59.79,57.11,444846,2593228960,-0.48
2021/2/24,58.98,56.06,59.02,55.21,698422,3965119328,-3.94
2021/2/25,57.18,56.98,58.4,56.5,365980,2102497072,1.64
2021/2/26,55,55.56,56.59,54.35,476523,2651193808,-2.49
2021/3/1,57.7,58.23,59.6,57.66,497895,2911832672,4.81
2021/3/2,58.3,59.41,60.58,58.3,467381,2775047808,2.03
2021/3/3,59.45,59.68,59.92,57.8,258309,1528435264,0.45
2021/3/4,58.82,57.95,58.86,57.38,272111,1574937488,-2.9
2021/3/5,56.98,58.2,59.82,55.68,490157,2839053072,0.43
2021/3/8,59,56.1,60.12,55.86,461497,2660372096,-3.61
2021/3/9,55.65,53.48,55.65,52.9,659482,3566533328,-4.67
2021/3/10,54.46,54.34,55.43,53.96,333476,1823436304,1.61
2021/3/11,54.81,56.62,57.3,54.03,366170,2058729536,4.2
2021/3/12,56.9,55.8,57.2,55.25,197074,1102585184,-1.45
2021/3/15,54.01,53.99,55.19,52.41,413001,2225417792,-3.24
2021/3/16,53.95,53.3,54.4,50.78,503589,2633734080,-1.28
2021/3/17,53.3,53.5,54.4,52.38,245559,1318260064,0.38
2021/3/18,54.57,54.46,54.65,53.65,200554,1086393808,1.79
2021/3/19,53.51,53.5,55.97,53.08,234683,1275394512,-1.76
2021/3/22,52.68,53.02,53.5,51.46,328726,1724350448,-0.9
2021/3/23,53.1,52.3,53.5,51.6,260374,1361179632,-1.36
2021/3/24,52.05,51.23,52.75,51.02,276951,1430148400,-2.05
2021/3/25,51.08,50.39,51.63,49.67,360017,1816768352,-1.64
2021/3/26,50.89,53.4,54.5,50.58,362430,1910217264,5.97
2021/3/29,54.02,53.55,55.34,53.4,298325,1624508720,0.28
2021/3/30,53.88,55.27,56.48,53.28,365313,2020813840,3.21
2021/3/31,55.35,55.9,56.51,54.66,231248,1291534400,1.14
2021/4/1,55.92,56.31,56.62,55.34,185646,1040904144,0.73
2021/4/2,56.77,56.5,57.75,55.5,314695,1785461312,0.34
2021/4/6,57.09,56.35,57.45,55.6,201120,1137675552,-0.27
2021/4/7,56,55.81,57.18,55.25,187327,1046702064,-0.96
2021/4/8,55.26,57.51,58.06,55.09,249360,1427733024,3.05
2021/4/9,57.5,55.51,57.5,55.21,210922,1181209408,-3.48
2021/4/12,55.5,53.66,55.75,53.31,189946,1023306064,-3.33
2021/4/13,53.66,54,54.86,53.22,160830,869567456,0.63
2021/4/14,54.79,54.67,55.61,53.6,227532,1248677104,1.24
2021/4/15,54.72,56.36,56.5,54.4,219851,1219402176,3.09
2021/4/16,56.45,57.03,57.6,55.65,254640,1451264368,1.19
2021/4/19,59.6,61.21,62.55,59.6,686762,4197673376,7.33
2021/4/20,61.22,62.4,62.8,60.2,397065,2456260512,1.94
2021/4/21,62.37,62,62.55,61,223319,1380250192,-0.64
2021/4/22,62.66,62.88,64.53,61.52,374514,2370355296,1.42
2021/4/23,63.08,63.23,64.44,62.68,271316,1728203024,0.56
2021/4/26,63.26,64,64.59,62.34,340038,2171671584,1.22
2021/4/27,63.3,62.52,63.3,61.4,350652,2178051696,-2.31
2021/4/28,62.5,63.88,64.41,62.5,230442,1467752272,2.18
2021/4/29,63.6,63.6,64.39,62.8,170813,1086257696,-0.44
2021/4/30,63.6,62.78,63.88,62.3,175820,1105756672,-1.29
2021/5/6,62.09,61.9,63.9,61.7,218713,1366455840,-1.4
2021/5/7,62.97,59.32,63,59.3,263114,1604124384,-4.17
2021/5/10,59.41,60.6,62,59.36,243465,1481966448,2.16
2021/5/11,60,60.55,60.88,58.48,220180,1312835952,-0.08
2021/5/12,60.61,61.5,62.66,60.24,257868,1590070848,1.57
2021/5/13,60.68,60.09,61,59.83,201160,1212917952,-2.29
2021/5/14,60.39,60.69,61.05,58.88,269447,1618120560,1
2021/5/17,60.9,62.55,63.08,60.9,313760,1956787856,3.06
2021/5/18,62.3,62.4,63,61.88,161689,1007521840,-0.24
2021/5/19,61.8,61.7,62.5,61.3,150868,932847856,-1.12
2021/5/20,61.5,62.77,63.5,61.38,231837,1455404144,1.73
2021/5/21,63.18,64,64.2,62.62,232726,1480156112,1.96
2021/5/24,64.1,65,65.27,63.23,255527,1650248592,1.56
2021/5/25,65,65.31,65.9,64.46,335517,2187088944,0.48
2021/5/26,65.3,65.18,65.5,64.2,201203,1305369968,-0.2
2021/5/27,64.8,64.36,64.9,63.2,318285,2032651616,-1.26
2021/5/28,63.6,64,65,62.9,252654,1615648096,-0.56
2021/5/31,63.89,64.58,64.6,63.03,235383,1504354992,0.91
2021/6/1,64.02,63.48,65.93,62.5,325169,2072203888,-1.7
2021/6/2,63.04,61.62,63.6,60.2,473231,2899408496,-2.93
2021/6/3,61.58,60.4,62.06,60.24,302369,1839906048,-1.98
2021/6/4,60.38,61.12,61.87,59.07,260837,1584923968,1.19
2021/6/7,60.9,60.39,61.01,59.2,312945,1875020688,-1.19
2021/6/8,60.6,59.66,61.05,59.33,244101,1466414304,-1.21
2021/6/9,59.66,59.99,60.16,59.06,159099,951397552,0.55
2021/6/10,59.7,61.62,61.68,59.35,304765,1864340016,2.72
2021/6/11,62,62,63.88,60.77,373478,2305317408,0.62
2021/6/15,61.4,60.72,61.58,59.5,308289,1861534720,-2.06
2021/6/16,60.5,58.68,60.7,58.01,321403,1893730320,-3.36
2021/6/17,58.5,59.14,59.95,58.05,207754,1226221248,0.78
2021/6/18,59.14,59.95,61.81,59.01,316260,1917138992,1.37
2021/6/21,59.96,59.72,60.65,58.21,285533,1701071456,-0.38
2021/6/22,59.8,59.94,60.25,58.5,255198,1526353648,0.37
2021/6/23,60,59.9,60.65,58.59,286820,1710213408,-0.07
2021/6/24,60.98,63.4,63.8,59.95,578100,3584291264,5.84
2021/6/25,63.3,63.51,63.75,61.94,435113,2741734288,0.17
2021/6/28,63.25,63.14,63.29,61.34,476152,2969587264,-0.58
2021/6/29,63.12,62.47,63.75,62.36,390737,2451687616,-1.06
2021/6/30,62.48,64.5,64.55,61.93,442455,2817703328,3.25
2021/7/1,64.89,65.14,65.2,63.48,384726,2476286848,0.99
2021/7/2,64,62.22,64.1,62.21,409530,2568224336,-4.48
2021/7/5,62.1,61.17,62.61,60.1,339355,2073529168,-1.69
2021/7/6,61,60.62,61.72,59.74,359483,2173893984,-0.9
2021/7/7,60.49,61.77,62.22,60.15,260907,1604016592,1.9
2021/7/8,61.01,61.06,62,60.33,333810,2033880544,-1.15
2021/7/9,61,60.36,61.41,59.3,372911,2239805552,-1.15
2021/7/12,60.36,62.6,62.88,58.87,524351,3195063120,3.71
2021/7/13,62.55,62.63,63.3,61.88,255159,1599603648,0.05
2021/7/14,62.6,62.19,63.24,60.88,269654,1675177184,-0.7
2021/7/15,61.81,63.34,63.8,61.03,357183,2245214928,1.85
2021/7/16,63.7,63,63.75,62.4,264326,1664213632,-0.54
2021/7/19,62.35,63.38,63.8,61.23,307934,1925770880,0.6
2021/7/20,62.63,63.93,65.14,62.32,302141,1938045536,0.87
2021/7/21,64.87,67.48,69.04,64.25,819199,5486843904,5.55
2021/7/22,68.2,67.53,69.68,66.93,487051,3312348128,0.07
2021/7/23,67.8,67.4,68.65,66.03,432572,2910912416,-0.19
2021/7/26,70,65.1,70.44,63.49,859928,5623993344,-3.41
2021/7/27,64.83,60.71,64.88,60.6,907078,5637093888,-6.74
2021/7/28,60,61,62.16,58.69,465785,2817447344,0.48
2021/7/29,62.46,62.89,63.65,61.95,421493,2650412992,3.1
2021/7/30,62.42,61,62.47,59.94,500368,3039012112,-3.01
2021/8/2,59.86,61.23,61.89,59.5,370528,2255831152,0.38
2021/8/3,60.68,60.44,61.36,60,374013,2261999504,-1.29
2021/8/4,60.37,61.62,61.97,59.52,414709,2513637616,1.95
2021/8/5,61.01,60.44,61.18,59.88,289641,1751710080,-1.91
2021/8/6,60.01,59.13,60.38,58.56,439969,2608085600,-2.17
2021/8/9,59.15,59.52,59.88,58.21,367181,2170425136,0.66
2021/8/10,59.17,59.8,59.88,58.5,343858,2031738208,0.47
2021/8/11,60.4,59.98,61.5,59.9,430323,2613660128,0.3
2021/8/12,59.99,58.6,60.36,58.22,413775,2432491456,-2.3
2021/8/13,58.3,56.65,58.54,56.28,637712,3647207040,-3.33
2021/8/16,56.3,56.73,57.1,55.88,309123,1755116448,0.14
2021/8/17,56.7,54.91,56.72,54,463642,2562185328,-3.21
2021/8/18,54.51,54.99,55.5,53.32,315572,1715703984,0.15
2021/8/19,54.8,54.91,55.95,54.15,300690,1660933984,-0.15
2021/8/20,54.5,53.57,54.63,52.15,503825,2680172240,-2.44
2021/8/23,53.4,55.02,55.66,52.78,333525,1823985648,2.71
2021/8/24,55.09,55,55.78,54.5,251570,1387540912,-0.04
2021/8/25,55,55.71,55.88,54.32,247074,1365698048,1.29
2021/8/26,55.45,54.02,55.55,54,190020,1040037680,-3.03
2021/8/27,53.5,52.7,54.64,51.68,548340,2885940032,-2.44
2021/8/30,52.6,51.7,52.7,50.85,664477,3413023360,-1.9
2021/8/31,51.9,51.4,52.45,50.93,311701,1610004064,-0.58
2021/9/1,51.6,53.21,53.28,50.57,586326,3063380768,3.52
2021/9/2,52.98,51.41,52.98,51,603058,3114167888,-3.38
2021/9/3,51.12,51.4,51.47,49.69,407991,2068540640,-0.02
2021/9/6,51,53.43,53.68,50.85,524125,2765137696,3.95
2021/9/7,53.43,52.92,53.55,52.42,341515,1801530688,-0.95
2021/9/8,52.93,52.95,53.22,52.3,323338,1707528512,0.06
2021/9/9,52.94,51.96,53.45,51.61,297280,1554766720,-1.87
2021/9/10,51.8,53.72,54.1,51.66,459627,2456623296,3.39
2021/9/13,53.82,55.39,56.2,53.18,486997,2692759152,3.11
2021/9/14,55.38,54.36,55.59,54.19,223385,1223325824,-1.86
2021/9/15,54,54.66,55.88,53.5,232393,1276442032,0.55
2021/9/16,54.29,54.22,55.2,53.67,165667,898080528,-0.8
2021/9/17,54.17,55.09,55.38,54,179149,982772560,1.6
2021/9/22,54.27,53.1,54.87,52.52,263578,1405946064,-3.61
2021/9/23,53.09,51.8,53.6,51.07,378821,1960075136,-2.45
2021/9/24,51.81,52.48,53.31,51.6,264183,1382688480,1.31
2021/9/27,52.36,53.97,54.89,51.61,391649,2106781728,2.84
2021/9/28,53.83,54.6,55.3,53.12,284427,1552450048,1.17
2021/9/29,54.3,55,55.55,53.6,218962,1198832320,0.73
2021/9/30,55.2,55,55.98,54.62,227403,1257419504,0
2021/10/8,56,56.48,57.24,55.44,382577,2154280496,2.69
2021/10/11,57.2,57.15,58.45,56.6,315470,1820445968,1.19
2021/10/12,57.14,56.33,57.56,55.76,196968,1113692944,-1.43
2021/10/13,56.28,55.92,57.3,55.51,271491,1522997088,-0.73
2021/10/14,56.01,56.29,57.37,55.92,207280,1172396288,0.66
2021/10/15,56.29,55.9,56.52,55.5,172149,963133408,-0.69
2021/10/18,55.91,54.61,56.08,53.8,269763,1468248736,-2.31
2021/10/19,54.61,55.44,55.81,54.4,166270,917616384,1.52
2021/10/20,55.06,54.47,56.38,54.31,196356,1083365712,-1.75
2021/10/21,54.5,55.25,55.25,53.81,195672,1066511824,1.43
2021/10/22,55.5,55.44,55.5,54.2,176701,969232320,0.34
2021/10/25,55.6,54.23,55.7,52.86,422972,2283080224,-2.18
2021/10/26,54,53.6,54.17,53,320820,1715923296,-1.16
2021/10/27,53.5,52.8,53.5,52.51,211831,1118999232,-1.49
2021/10/28,52.7,52.07,53.43,51.93,269739,1418360960,-1.38
2021/10/29,52.07,52.26,52.98,51.65,278050,1455706384,0.36
2021/11/1,51.96,53.02,53.17,51.6,241884,1273935712,1.45
2021/11/2,53.02,51.37,53.03,51.3,337200,1747115824,-3.11
2021/11/3,51.37,50.95,51.83,50.54,219837,1120427504,-0.82
2021/11/4,50.99,50.72,51.34,50.5,204575,1041684160,-0.45
2021/11/5,50.5,51.48,51.95,50.43,249183,1281268304,1.5
2021/11/8,51.77,51.05,51.9,50.12,262899,1335949232,-0.84
2021/11/9,50.6,52.2,52.36,50.2,312159,1604587696,2.25
2021/11/10,52.21,52.05,52.69,51.55,293570,1531414336,-0.29
2021/11/11,52.06,52.3,52.67,51.4,235487,1227543632,0.48
2021/11/12,52.4,52.62,52.75,52.3,192328,1011442512,0.61
2021/11/15,52.75,52.4,52.86,51.95,155371,812067424,-0.42
2021/11/16,52.43,51.65,52.46,51.3,247639,1279313952,-1.43
2021/11/17,51.56,51.15,51.56,51.01,229638,1174624688,-0.97
2021/11/18,51.15,50.18,51.15,50.05,295857,1493009424,-1.9
2021/11/19,50.19,50.49,50.69,49.98,279976,1406977104,0.62
2021/11/22,50.47,50.53,51.09,50.02,361973,1825229824,0.08
2021/11/23,50.55,48.5,50.65,48.01,837779,4102480064,-4.02
2021/11/24,48.99,49.65,50.71,48.66,602590,2995937296,2.37
2021/11/25,49.66,48.73,49.8,48.41,347641,1697163584,-1.85
2021/11/26,48.6,47.8,48.83,47.37,559655,2678974992,-1.91
2021/11/29,47.2,47.57,47.67,47.01,359405,1704532368,-0.48
2021/11/30,47.8,48.64,48.65,47.6,332682,1601347824,2.25
2021/12/1,48.58,48.22,48.61,48.01,215800,1042291664,-0.86
2021/12/2,48.17,47.43,48.19,47.1,379972,1802294096,-1.64
2021/12/3,47.5,48.4,48.53,47.21,292402,1402424592,2.05
2021/12/6,48.9,49.29,50.39,48.88,495321,2462301392,1.84
2021/12/7,49.5,50.3,50.45,49.5,400364,2007005376,2.05
2021/12/8,50.38,51.68,51.92,49.83,491147,2516184400,2.74
2021/12/9,51.2,54.27,55.55,51.2,887344,4791960320,5.01
2021/12/10,54.02,53.5,54.33,53,460784,2469067328,-1.42
2021/12/13,53.72,53.43,55.3,53.35,383628,2077695456,-0.13
2021/12/14,53.86,53.98,54.75,53.38,282714,1529454448,1.03
2021/12/15,53.5,52,53.89,51.98,362140,1901903088,-3.67
2021/12/16,52.16,52.23,52.6,51.1,265970,1380123024,0.44
2021/12/17,51.9,52.15,52.62,51.27,241939,1256697184,-0.15
2021/12/20,51.9,51.37,52.35,51.15,196413,1015461072,-1.5
2021/12/21,51.36,51.59,52.15,51.18,178396,921418576,0.43
2021/12/22,51.82,50.91,52.07,50.7,247836,1270665216,-1.32
2021/12/23,50.92,50.69,51.34,50.44,215577,1094516064,-0.43
2021/12/24,50.45,50.55,51,49.7,247926,1246575552,-0.28
2021/12/27,50.8,50.64,50.88,49.86,176611,891066464,0.18
2021/12/28,50.65,52.49,53.1,50.49,327258,1707957744,3.65
2021/12/29,52.22,51.97,52.98,51.35,262272,1366394512,-0.99
2021/12/30,51.99,51.39,53.05,51.39,205799,1071270768,-1.12
2021/12/31,51.88,52.32,52.55,50.85,283782,1465376800,1.81
2022/1/4,53,52.41,53,51.71,239136,1253035120,0.17
2022/1/5,52.2,51.33,52.2,50.88,229581,1183390512,-2.06
2022/1/6,51.06,49.97,51.27,49.88,252298,1266976496,-2.65
2022/1/7,49.98,49.87,50.69,49.7,184302,923379312,-0.2
2022/1/10,49.63,50.28,50.58,49.11,225874,1128294832,0.82
2022/1/11,50.2,49.7,50.48,49.58,201172,1006252640,-1.15
2022/1/12,49.65,49.25,49.99,48.43,324066,1589520048,-0.91
2022/1/13,49.3,48.12,49.7,48,271283,1316781680,-2.29
2022/1/14,48.12,48.3,48.61,47.85,173157,834432752,0.37
2022/1/17,48.38,49,49.2,48.3,182090,888690352,1.45
2022/1/18,49.01,50.73,52.21,48.88,455415,2317507440,3.53
2022/1/19,50.74,50.16,51.85,49.71,316781,1601476272,-1.12
2022/1/20,50.42,49.75,50.48,49.43,176454,879739296,-0.82
2022/1/21,49.77,49.49,49.82,48.7,238910,1173101264,-0.52
2022/1/24,49,48.99,49.88,48.51,246329,1207170528,-1.01
2022/1/25,48.8,48.25,49.35,48.21,189762,926551744,-1.51
2022/1/26,48.25,49.23,49.49,48.25,172125,845250368,2.03
2022/1/27,49.42,48.23,49.5,47.54,289647,1393826944,-2.03
2022/1/28,48.23,47.46,48.6,47,226468,1078805696,-1.6
2022/2/7,47.94,45.91,47.98,45.8,329602,1536926080,-3.27
2022/2/8,45.8,46.24,46.5,45.24,265859,1218848192,0.72
2022/2/9,46.01,46.98,47.05,46,221892,1036416192,1.6
2022/2/10,46.99,46.99,47.32,46.2,190122,889104192,0.02
2022/2/11,46.4,46,46.94,45.8,266717,1234304064,-2.11
2022/2/14,45.78,45.8,46.09,45.14,156697,714767040,-0.43
2022/2/15,45.79,46.21,46.31,45.62,135413,623303440,0.9
2022/2/16,46.23,45.99,46.49,45.86,113140,520589536,-0.48
2022/2/17,45.71,46.09,46.25,45.68,128950,593357584,0.22
2022/2/18,45.96,46.5,46.54,45.7,135237,623087904,0.89
2022/2/21,46.37,47.67,47.78,46.26,225386,1066463632,2.52
2022/2/22,47.5,46.83,47.54,46.5,159512,747155648,-1.76
2022/2/23,47.8,48.9,49.25,47.5,547624,2663071072,4.42
2022/2/24,48.48,47.99,49.16,47.36,217887,1051041632,-1.86
2022/2/25,47.99,48.25,49.16,47.98,222761,1085288832,0.54
2022/2/28,48.14,48.2,48.5,46.96,169370,811342544,-0.1
2022/3/1,48.2,47.52,48.48,47.3,194553,925202416,-1.41
2022/3/2,47.4,47.2,47.73,46.74,137215,648393760,-0.67
2022/3/3,47.53,46.81,47.59,46.68,104009,488677968,-0.83
2022/3/4,46.43,45.77,46.63,45.5,228737,1050890272,-2.22
2022/3/7,45.43,43.9,45.43,43.56,332594,1466809184,-4.09
2022/3/8,43.9,43.6,44.59,43,186375,813094416,-0.68
2022/3/9,43.6,43.01,43.8,40.3,381883,1614237248,-1.35
2022/3/10,43.81,44,44.47,43.16,248170,1088182496,2.3
2022/3/11,43.3,45.28,45.44,42.44,313067,1387234880,2.91
2022/3/14,44.78,42.98,45.33,42.91,237220,1037828896,-5.08
2022/3/15,42.38,41.24,42.95,41.03,316685,1322417232,-4.05
2022/3/16,41.8,41.95,42.5,39.4,520231,2118740480,1.72
2022/3/17,43,43.88,44.3,42.3,437404,1905310304,4.6
2022/3/18,43.4,43.37,43.5,42.58,271454,1170326208,-1.16
2022/3/21,43.6,42.4,43.61,42.26,242415,1033399728,-2.24
2022/3/22,42.24,42.42,42.8,41.9,192365,812745440,0.05
2022/3/23,42.43,43.15,43.58,42.35,197639,851462576,1.72
2022/3/24,42.88,41.97,42.89,41.78,172607,726476112,-2.73
2022/3/25,41.81,41.06,41.95,40.7,216123,889287824,-2.17
2022/3/28,40.3,40,40.5,39.71,207882,831313824,-2.58
2022/3/29,40.04,40,40.34,39,333615,1326104320,0
2022/3/30,40.48,41.2,41.68,40.02,320434,1307734016,3
2022/3/31,40.99,41,41.34,40.64,167409,685921360,-0.49
2022/4/1,40.5,41.21,41.65,40.42,170418,703549248,0.51
2022/4/6,40.78,40.94,41.27,40.58,139854,571696128,-0.66
2022/4/7,40.7,40.2,41.1,40.2,110404,448742656,-1.81
2022/4/8,40.47,39.4,40.59,39,272104,1079689744,-1.99
2022/4/11,39.4,37.36,39.5,37.06,348573,1318639008,-5.18
2022/4/12,37.4,38.3,38.31,36.39,401980,1494914992,2.52
2022/4/13,37.88,38.67,39.66,37.62,361638,1405496576,0.97
2022/4/14,39.24,39.58,39.98,38.33,370370,1455033904,2.35
2022/4/15,39.2,39.93,40.2,38.94,178209,706009040,0.88
2022/4/18,41,41.74,42,40.66,657584,2722416896,4.53
2022/4/19,41.61,41.52,41.82,41.12,311624,1292355488,-0.53
2022/4/20,41.6,41.55,42.59,41.2,278748,1167886032,0.07
2022/4/21,41.23,40.81,41.68,40.31,295196,1207670736,-1.78
2022/4/22,40.75,40.8,41.23,40.46,305598,1249420752,-0.02
2022/4/25,40.5,39.5,40.66,39.5,365058,1464276464,-3.19
2022/4/26,39.6,39.51,40.65,39.28,296571,1185073760,0.03
2022/4/27,39.01,41.5,41.97,38.98,523770,2154634608,5.04
2022/4/28,41.5,40.87,41.87,40.51,337458,1386885712,-1.52
2022/4/29,41.1,42.49,43.13,40.68,535907,2255664896,3.96
2022/5/5,38.24,38.24,38.8,38.24,1178749,4509976576,-10
2022/5/6,35.91,34.8,36.35,34.42,2452130,8571683840,-9
2022/5/9,34,34.88,35.28,33.8,1270720,4421444608,0.23
2022/5/10,34.2,34.45,34.68,33.4,946390,3230542064,-1.23
2022/5/11,34.4,35.43,36.1,33.8,1384699,4860344576,2.84
2022/5/12,34.76,34.16,34.83,33.86,1454922,4974746368,-3.58
2022/5/13,34.17,32.08,34.2,31.12,2204445,7122373376,-6.09
2022/5/16,32.08,32.66,33.15,32.08,1309396,4282223904,1.81
2022/5/17,32.3,32.19,33.1,31.36,1267679,4062190016,-1.44
2022/5/18,32.19,33.3,33.9,31.51,1563886,5124739584,3.45
2022/5/19,32.52,33.08,33.3,32.33,785438,2584951584,-0.66
2022/5/20,33.21,33.4,33.8,33.03,869991,2908166304,0.97
2022/5/23,33.41,33.52,33.99,33.22,773900,2599633328,0.36
2022/5/24,33.55,32.16,33.68,32.11,793077,2608384816,-4.06
2022/5/25,32.16,32.41,32.58,31.81,565207,1818138640,0.78
2022/5/26,31.68,31.99,32.34,31.5,723332,2314221760,-1.3
2022/5/27,33.6,32.53,33.89,32.18,1287772,4262351440,1.69
2022/5/30,32.5,32.99,33.16,32.33,798070,2614946528,1.41
2022/5/31,32.9,33.4,33.47,32.74,692182,2297518064,1.24
2022/6/1,33.44,33.45,33.74,33.02,623284,2084706976,0.15
2022/6/2,33.32,32.99,33.36,32.73,545259,1797334016,-1.38
2022/6/6,32.9,34.86,35.09,32.8,1247861,4236360208,5.67
2022/6/7,34.98,34.89,35,34.2,601413,2083093872,0.09
2022/6/8,34.92,35.69,37.34,34.92,1282517,4641764608,2.29
2022/6/9,35.74,34.62,35.77,34.5,638298,2239467552,-3
2022/6/10,34.2,34.71,34.91,34.16,488344,1688957504,0.26
2022/6/13,35,34.24,35,33.76,541374,1856448144,-1.35
2022/6/14,33.65,34.25,34.42,33.2,405791,1368435264,0.03
2022/6/15,34.18,35.59,35.92,34.11,812878,2865810672,3.91
2022/6/16,35.59,35.09,35.78,34.9,429126,1512104912,-1.4
2022/6/17,34.71,34.55,34.96,34,647332,2226327888,-1.54
2022/6/20,35.5,35.22,36.05,35.1,694683,2462028800,1.94
2022/6/21,35.22,36.28,36.66,34.97,954209,3441640688,3.01
2022/6/22,36.3,35.06,36.45,35.04,591494,2094619952,-3.36
2022/6/23,35.02,35.32,35.32,34.55,432068,1511855104,0.74
2022/6/24,35.35,35.69,35.8,34.94,572934,2022513056,1.05
2022/6/27,35.8,35.88,36.6,35.38,627909,2257486816,0.53
2022/6/28,35.83,36.63,36.88,35.45,626745,2274601888,2.09
2022/6/29,36.63,36.2,37.49,36.1,621688,2276808272,-1.17
2022/6/30,36.2,36.2,36.55,36.09,630571,2288765104,0
2022/7/1,36.21,35.8,36.62,35.68,514823,1855825680,-1.1
2022/7/4,35.9,35.59,35.96,35.3,487587,1730661664,-0.59
2022/7/5,35.79,36.29,36.65,35.1,730899,2628098336,1.97
2022/7/6,35.9,34.95,35.95,34.55,715284,2520820992,-3.69
2022/7/7,34.85,33.97,34.85,33.8,734626,2509901728,-2.8
2022/7/8,33.95,34.12,34.48,33.85,404956,1382719664,0.44
2022/7/11,34.02,32.91,34.04,32.82,598095,1976774096,-3.55
2022/7/12,32.9,32.5,33.21,32.35,380954,1244995850,-1.25
2022/7/13,32.57,32.81,32.95,32.35,322602,1054205082,0.95
2022/7/14,32.69,32.74,33.04,32.45,294335,963699454.9,-0.21
2022/7/15,32.42,31.69,32.59,31.63,594084,1901444072,-3.21
2022/7/18,31.62,31.91,32.06,31.3,424975,1348381329,0.69
2022/7/19,31.9,31.87,32.18,31.7,355735,1135432364,-0.13
2022/7/20,32.09,31.91,32.17,31.65,427935,1363340843,0.13
2022/7/21,31.9,31.61,31.9,31.61,361863,1148025472,-0.94
2022/7/22,31.6,31.43,31.74,31.26,296323,931714317,-0.57
2022/7/25,31.45,32.32,32.44,31,526483,1669529075,2.83
2022/7/26,32.08,32.31,32.42,32,320955,1035210494,-0.03
2022/7/27,32.32,32.68,33.13,32.1,396815,1297700343,1.15
2022/7/28,32.68,32.73,33.33,32.47,408102,1343670102,0.15
2022/7/29,32.66,31.94,32.86,31.8,374369,1202914378,-2.41
2022/8/1,31.8,31.79,31.94,31.33,227829,722186174.5,-0.47
2022/8/2,31.4,30.51,31.4,30.27,509838,1564370232,-4.03
2022/8/3,30.52,30.87,31.35,30.52,352271,1089238856,1.18
2022/8/4,31,31.23,31.23,30.83,222821,692266694.9,1.17
2022/8/5,31.26,32.5,32.55,31.09,490826,1571746149,4.07
2022/8/8,32.5,32.53,32.97,32.33,349218,1136011772,0.09
2022/8/9,32.43,32.66,32.77,32.25,337623,1100028191,0.4
2022/8/10,32.66,32.79,33,32.16,391723,1278091680,0.4
2022/8/11,32.99,33.33,33.6,32.96,504344,1681041497,1.65
2022/8/12,33.34,33.41,33.66,32.86,518736,1727623253,0.24
2022/8/15,32.79,31.8,32.79,31.09,1623248,5154249210,-4.82
2022/8/16,31.55,31.42,31.83,31.38,688535,2172028851,-1.19
2022/8/17,31.45,31.65,31.71,31.11,479175,1506034291,0.73
2022/8/18,31.56,31.3,31.56,31.25,383052,1200166228,-1.11
2022/8/19,31.3,30.97,31.39,30.91,462920,1439729791,-1.05
2022/8/22,30.81,30.99,31.19,30.57,423629,1311805185,0.06
2022/8/23,30.86,30.82,31.12,30.6,351184,1082248595,-0.55
2022/8/24,30.8,30.23,30.82,30,642143,1945695324,-1.91
2022/8/25,30.24,29.44,30.3,29.31,680811,2012621631,-2.61
2022/8/26,29.53,29.93,30.24,29.26,533704,1595574252,1.66
2022/8/29,29.58,29.95,29.95,29.38,361385,1068868192,0.07
2022/8/30,29.85,29.82,30.15,29.7,271347,810503571.6,-0.43
2022/8/31,29.78,29.87,30.05,29.6,354560,1058705261,0.17
2022/9/1,29.79,29.7,30.03,29.65,315608,940276612.7,-0.57
2022/9/2,29.73,29.5,29.79,29.38,262828,775640446.3,-0.67
2022/9/5,29.49,28.39,29.49,28.1,720354,2061412934,-3.76
2022/9/6,28.42,28.87,29.05,28.11,562060,1604830547,1.69
2022/9/7,28.7,28.55,29.01,28.39,435321,1247388937,-1.11
2022/9/8,28.62,28.65,28.86,28.24,398821,1139941092,0.35
2022/9/9,28.61,28.98,29.1,28.5,443767,1283814255,1.15
2022/9/13,29.08,29.62,29.67,29.07,558434,1646972305,2.21
2022/9/14,29.2,29.25,29.42,29.01,352421,1029001886,-1.25
2022/9/15,29.3,28.99,29.67,28.81,408220,1194927018,-0.89
2022/9/16,30.2,29.8,30.7,29.53,1157651,3494499557,2.79
2022/9/19,29.51,29.65,29.99,28.8,532512,1575243148,-0.5
2022/9/20,29.69,30.23,30.38,29.53,498628,1500135935,1.96
2022/9/21,30.2,30.24,30.68,29.81,456445,1386427680,0.03
2022/9/22,30,29.59,30.59,29.58,433541,1304324010,-2.15
2022/9/23,29.49,29.05,29.55,28.7,487608,1416022813,-1.82
2022/9/26,28.73,28.88,29.15,28.61,348585,1009048358,-0.59
2022/9/27,28.9,29.45,29.47,28.75,330106,961942119.9,1.97
2022/9/28,29.3,30.1,30.46,29.24,741447,2234354696,2.21
2022/9/29,30.19,30.41,30.49,30.05,488332,1479249965,1.03
2022/9/30,30.22,30.42,30.69,30.04,415771,1268536888,0.03
2022/10/10,30.42,29.1,30.42,29.05,475814,1404705046,-4.34
2022/10/11,29.1,29.3,29.69,28.61,322503,940438636.5,0.69
2022/10/12,29.2,29.37,29.37,28.5,382797,1107718946,0.24
2022/10/13,29.09,29.5,29.95,28.83,339930,997767009.6,0.44
2022/10/14,29.73,30.28,30.6,29.35,544783,1639917704,2.64
2022/10/17,30.05,31.29,31.36,29.85,612672,1881734305,3.34
2022/10/18,31.31,31.05,31.38,30.76,394320,1223186413,-0.77
2022/10/19,30.97,30.16,30.97,30.15,349938,1068147596,-2.87
2022/10/20,30,30.45,30.87,29.96,349590,1065601779,0.96
2022/10/21,30.47,30.18,30.58,30.01,229183,693359042.4,-0.89
2022/10/24,30.14,29.6,30.43,29.45,365916,1090868893,-1.92
2022/10/25,29.4,29.02,29.49,28.8,343959,1000868770,-1.96
2022/10/26,29.1,29.36,29.68,29.02,318774,937051057.2,1.17
2022/10/27,29.4,29.87,30.15,29.24,364754,1086874375,1.74
2022/10/28,29.75,28.4,29.77,28.11,799359,2285355057,-4.92
2022/10/31,27.01,28.42,28.72,26.8,784491,2179270087,0.07
2022/11/1,28.38,28.85,28.87,27.92,398901,1138524851,1.51
2022/11/2,28.58,29.3,29.6,28.57,515792,1504482836,1.56
2022/11/3,29.1,29.31,29.44,28.8,332390,967015060.7,0.03
2022/11/4,29.2,30.02,30.2,29.12,570378,1701830979,2.42
2022/11/7,29.81,29.83,30.15,29.68,357712,1068915873,-0.63
2022/11/8,29.78,29.57,29.79,29.31,304936,900518613,-0.87
2022/11/9,29.4,28.97,29.61,28.85,319411,932577836.8,-2.03
2022/11/10,28.8,28.68,28.95,28.56,263089,755824650.6,-1
2022/11/11,29.57,29.81,30.05,28.86,655618,1937025804,3.94
2022/11/14,29.82,30.59,30.6,29.82,629945,1908445852,2.62
2022/11/15,30.55,31.78,31.8,30.22,899182,2803483713,3.89
2022/11/16,31.71,31.42,31.9,31.36,497212,1571135812,-1.13
2022/11/17,31.5,31.57,31.66,30.95,362666,1134422750,0.48
2022/11/18,31.65,32.44,32.96,31.61,888624,2891975558,2.76
2022/11/21,32.18,32.54,32.69,31.27,609378,1951696405,0.31
2022/11/22,32.3,31.89,32.52,31.64,348375,1117426268,-2
2022/11/23,31.95,31.31,32.28,30.95,374304,1174692182,-1.82
2022/11/24,31.4,31.2,31.48,31.08,196123,613223710.5,-0.35
2022/11/25,31.2,30.9,31.48,30.86,232385,723559256.7,-0.96
2022/11/28,29.7,30.37,30.99,29.53,404537,1226979243,-1.72
2022/11/29,30.38,31.64,31.8,30.38,420180,1315940515,4.18
2022/11/30,31.59,31.51,32.28,31.23,371433,1176415267,-0.41
2022/12/1,32.2,32.05,32.57,31.81,381121,1225279811,1.71
2022/12/2,31.82,31.95,32.26,31.82,237553,760972745.9,-0.31
2022/12/5,32.5,33.43,33.52,32.02,788563,2595966478,4.63
2022/12/6,33.22,34.12,34.88,33.18,808711,2783069779,2.06
2022/12/7,34.11,33.8,34.4,33.57,354191,1199972504,-0.94
2022/12/8,33.7,33.7,33.96,33.3,345999,1164531166,-0.3
2022/12/9,33.65,34.54,35.1,33.55,640499,2199212426,2.49
2022/12/12,34.5,34.39,34.99,34.25,465357,1615073407,-0.43
2022/12/13,34.36,34.62,34.99,34.36,310578,1080738766,0.67
2022/12/14,34.65,34.99,35.66,34.53,466705,1648362501,1.07
2022/12/15,35,34.91,35.21,34.42,286213,995850103.1,-0.23
2022/12/16,34.54,34.34,35.5,34.32,284113,989076533.6,-1.63
2022/12/19,34.97,34.2,34.97,34.02,301657,1040430483,-0.41
2022/12/20,34.29,33.45,34.39,33.01,471980,1585403630,-2.19
2022/12/21,33.47,33.66,33.94,33.22,208267,702163118.3,0.63
2022/12/22,33.97,34,34.74,33.8,288722,992102962.3,1.01
2022/12/23,34,34.63,34.93,33.6,306545,1060032356,1.85
2022/12/26,34.63,34.92,35.2,34.41,276617,965475546.5,0.84
2022/12/27,34.98,34.51,35.26,34.34,324946,1124880524,-1.17
2022/12/28,34.54,34,34.55,33.55,378824,1283801075,-1.48
2022/12/29,33.7,34.25,34.3,33.38,331507,1125561032,0.74
2022/12/30,34.4,34.68,34.79,34.09,297998,1028905815,1.26
2023/1/3,34.6,34.29,34.94,34.01,300608,1035688644,-1.12
2023/1/4,34.16,33.92,34.47,33.35,345958,1168725298,-1.08
2023/1/5,33.92,34.35,34.66,33.85,376571,1289628576,1.27
2023/1/6,34.35,33.75,34.35,33.67,271466,918474683.8,-1.75
2023/1/9,33.5,33.07,33.8,33.01,454191,1509679045,-2.01
2023/1/10,33.08,33.34,33.57,32.19,447534,1477216121,0.82
2023/1/11,33.29,32.89,33.29,32.7,350216,1153769993,-1.35
2023/1/12,32.89,32.66,33.15,32.51,280309,918373568.8,-0.7
2023/1/13,32.7,33.64,33.7,32.64,347173,1153396534,3
2023/1/16,33.62,34.67,35.03,33.44,584594,2021984249,3.06
2023/1/17,34.7,34.75,35.25,34.63,285820,995956442.7,0.23
2023/1/18,34.7,35.16,35.66,34.6,380380,1342497924,1.18
2023/1/19,35.14,36.79,36.9,35,615355,2232133545,4.64
2023/1/20,36.66,36.73,38,36.61,469366,1746545502,-0.16
2023/1/30,37.11,37.05,38.56,36.98,510443,1918690154,0.87
2023/1/31,37.05,35.85,37.68,35.66,494704,1788753230,-3.24
2023/2/1,35.86,36.25,36.65,35.66,327069,1180240719,1.12
2023/2/2,36.24,36.39,37.26,35.99,353843,1295657132,0.39
2023/2/3,36.3,36.7,36.88,35.73,349943,1270726772,0.85
2023/2/6,36.6,36.52,37.55,36.23,498205,1838212363,-0.49
2023/2/7,36.61,37.26,37.69,36.56,553709,2062122951,2.03
2023/2/8,37.28,36.9,37.29,36.66,320581,1183532336,-0.97
2023/2/9,36.68,37.73,37.85,36.4,382055,1428022864,2.25
2023/2/10,37.73,36.7,37.74,36.4,403994,1490294049,-2.73
2023/2/13,36.48,36.6,36.75,35.85,345028,1254114214,-0.27
2023/2/14,36.6,36.18,36.64,35.94,239805,867367222.8,-1.15
2023/2/15,36.02,36.18,36.37,35.67,256272,923623983.1,0
2023/2/16,36.17,37.39,38.52,36.17,1050073,3946666197,3.34
2023/2/17,36.99,36.51,37.44,36.51,454479,1676368000,-2.35
2023/2/20,36,38.7,38.95,35.85,923026,3514053210,6
2023/2/21,38.7,38.76,39.78,38.26,611728,2379282776,0.16
2023/2/22,38.61,38.17,38.99,37.9,424493,1621875087,-1.52
2023/2/23,38.18,37.74,38.35,37.47,286157,1080396425,-1.13
2023/2/24,37.77,37.68,38.36,37.4,282331,1067144764,-0.16
2023/2/27,37.52,37.22,37.85,37.11,262679,981883062.2,-1.22
2023/2/28,37.89,38.38,38.87,37.7,422214,1618936828,3.12
2023/3/1,38.38,39.81,39.9,38.3,666088,2630519538,3.73
2023/3/2,39.6,39.4,40.33,39.2,420749,1668002118,-1.03
2023/3/3,39.5,39.37,39.59,38.75,285898,1118914824,-0.08
2023/3/6,39.47,39.9,40.28,39.31,347939,1391047756,1.35
2023/3/7,39.85,38.92,40.67,38.69,373176,1467586578,-2.46
2023/3/8,38.8,39,39.1,38.12,324065,1249580788,0.21
2023/3/9,39,38.32,39.09,38.11,349158,1341408235,-1.74
2023/3/10,38.11,37.81,38.76,37.6,404164,1535014721,-1.33
2023/3/13,37.4,39.21,39.36,37.37,520131,2010794073,3.7
2023/3/14,39.2,38.9,39.5,38.58,390504,1521646293,-0.79
2023/3/15,39.39,39.08,40.88,38.93,717822,2868927645,0.46
2023/3/16,38.71,38.01,39.21,37.85,415925,1596316536,-2.74
2023/3/17,38.4,40.35,40.8,38.38,946185,3786373031,6.16
2023/3/20,40.35,41.26,42.7,40.34,1120275,4694980851,2.26
2023/3/21,41.01,41,41.76,40.48,453716,1863444849,-0.63
2023/3/22,41,42.8,42.88,40.99,721256,3047723463,4.39
2023/3/23,42.55,44.8,45,42.35,1049297,4615118117,4.67
2023/3/24,44.8,44.6,45.01,43.34,674000,2989750204,-0.45
2023/3/27,44,43.61,46.34,43.02,1020359,4506447597,-2.22
2023/3/28,43.56,42.45,43.56,42.08,673982,2882374234,-2.66
2023/3/29,42.45,42.8,43.51,41.59,494972,2111598014,0.82
2023/3/30,42.59,41.6,42.7,40.72,705868,2924683333,-2.8
2023/3/31,41.69,42.66,43.46,41.28,612882,2601304037,2.55
2023/4/3,42.9,42.43,43.65,41.04,914916,3836277017,-0.54
2023/4/4,42.35,44.91,46.17,42,1111949,4904280241,5.84
2023/4/6,43.6,43.86,44.94,43.38,761112,3352414059,-2.34
2023/4/7,43.9,45.58,46.8,43.9,784733,3572771702,3.92
2023/4/10,47.99,45.05,48.84,44.44,1023651,4775743348,-1.16
2023/4/11,44.51,44.38,45.89,43.69,589569,2632625896,-1.49
2023/4/12,44.31,46.37,46.68,44.31,654572,2992021442,4.48
2023/4/13,45.73,45.2,46.25,44.9,438488,1989915774,-2.52
2023/4/14,45.08,44.56,45.17,43.1,682535,3004695553,-1.42
2023/4/17,43.29,43.95,44.5,42.08,754625,3294715524,-1.37
2023/4/18,43.85,43.54,44.35,42.45,546393,2365180596,-0.93
2023/4/19,43.48,43.16,44.2,42.81,466695,2030526193,-0.87
2023/4/20,43.16,41.62,43.55,40.57,1367787,5651599198,-3.57
2023/4/21,41.4,39.72,42.05,39.7,891762,3619640017,-4.57
2023/4/24,40.03,39.25,40.8,38.78,588258,2329736209,-1.18
2023/4/25,39.2,37.45,39.47,36.96,1034495,3905401995,-4.59
2023/4/26,37.47,37.1,37.8,36.43,716751,2655551156,-0.93
2023/4/27,37,37.9,38.44,36.9,481494,1823913801,2.16
2023/4/28,37.54,37.75,38.15,37.23,435613,1641296439,-0.4
2023/5/4,37.7,37.2,37.75,36.6,429395,1593912285,-1.46
2023/5/5,37.17,36.06,37.46,35.66,605513,2195611958,-3.06
2023/5/8,36.19,35.92,37.16,35.66,514451,1862099583,-0.39
2023/5/9,35.95,35.95,36.4,35.22,397604,1431613007,0.08
2023/5/10,35.9,36.4,36.6,35.71,333926,1208723852,1.25
2023/5/11,36.42,36.27,36.68,36.01,238828,869517332.4,-0.36
2023/5/12,36.31,35.45,36.55,35.25,331062,1179969017,-2.26
2023/5/15,35.48,35.36,35.6,34.6,414279,1448630038,-0.25
2023/5/16,35.51,35.45,35.69,34.85,313996,1107451677,0.25
2023/5/17,35.25,35,35.29,34.77,265899,929146201.7,-1.27
2023/5/18,35.01,35.53,35.67,34.5,393148,1381185530,1.51
2023/5/19,35,35.62,35.87,34.35,483080,1698930155,0.25
2023/5/22,35.7,35.88,36.39,35.35,314084,1127705595,0.73
2023/5/23,35.88,36.68,37,35.83,450154,1646861935,2.23
2023/5/24,36.4,36,36.46,35.8,255378,920795502.7,-1.85
2023/5/25,35.95,34.95,36.35,34.59,442214,1557377120,-2.92
2023/5/26,35.2,35.44,35.61,34.46,348414,1219071414,1.4
2023/5/29,35.44,34,35.67,33.7,577366,1980768901,-4.06
2023/5/30,34,35.16,35.19,33.8,376374,1297536753,3.41
2023/5/31,35.17,34.86,35.48,34.6,257120,898775678.7,-0.85
2023/6/1,34.89,35.9,36.4,34.44,507622,1811833583,2.98
2023/6/2,35.9,35.91,36.08,35.48,296013,1059791897,0.03
2023/6/5,35.92,36,36.58,35.61,341780,1232902733,0.25
2023/6/6,36,34.9,36.18,34.89,311117,1103335255,-3.06
2023/6/7,34.86,34.72,35.2,34.5,244922,851616755.3,-0.52
2023/6/8,34.65,34.55,35,34.31,185684,641478095,-0.49
2023/6/9,34.6,32.36,34.64,31.39,1186535,3851762503,-6.34
2023/6/12,32.16,31.75,32.56,31.21,813858,2588196301,-1.89
2023/6/13,31.85,33.58,33.76,31.67,781269,2577306356,5.76
2023/6/14,33.5,33.37,34.03,33.18,462297,1550844814,-0.63
2023/6/15,33.38,33.44,33.87,32.9,369680,1235224262,0.21
2023/6/16,33.76,35.14,35.46,33.21,625822,2161041165,5.08
2023/6/19,35.14,36.15,36.58,34.76,704937,2535874657,2.87
2023/6/20,36.07,36.34,36.65,35.61,505903,1833538497,0.53
2023/6/21,36.17,35.16,36.17,35.16,395455,1409074097,-3.25
2023/6/26,34.67,33.84,35.1,33.8,423554,1451251723,-3.75
2023/6/27,34.02,34.1,34.5,33.81,347781,1187684147,0.77
2023/6/28,34.15,33.74,34.22,32.85,369919,1238253502,-1.06
2023/6/29,33.73,33.37,34.04,33.19,259115,869085694.4,-1.1
2023/6/30,33.38,33.11,33.62,32.94,342204,1135996348,-0.78
2023/7/3,33.12,33.4,33.67,33.08,346354,1155896420,0.88
2023/7/4,33.34,34.59,35.11,33.15,582922,2005900061,3.56
2023/7/5,34.51,34.27,34.55,33.9,293648,1006405856,-0.93
2023/7/6,34.08,33.88,34.51,33.68,278128,945843925.5,-1.14
2023/7/7,33.55,33.3,33.59,32.86,231790,769467123.9,-1.71
2023/7/10,33.51,34.05,34.07,33.15,263892,890734459.8,2.25
2023/7/11,34,34.2,34.37,33.88,208076,711369264,0.44
2023/7/12,34.21,34.29,34.68,33.75,299861,1026805636,0.26
2023/7/13,34.29,34.88,34.95,34.29,256819,890722422.2,1.72
2023/7/14,34.82,34.65,35.25,34.55,224811,784083373.5,-0.66
2023/7/17,34.6,34.21,34.65,33.99,169352,579343571.9,-1.27
2023/7/18,34.17,34.07,34.44,34,170717,583030477.2,-0.41
2023/7/19,34.02,34.29,34.3,33.91,135276,461623539,0.65
2023/7/20,34.62,33.82,34.76,33.8,185099,630801661,-1.37
2023/7/21,33.7,33.42,33.95,33.31,146683,492462326,-1.18
2023/7/24,33.34,32.95,33.47,32.7,194826,643044269.8,-1.41
2023/7/25,33.4,34.49,34.8,33.36,365992,1251282747,4.67
2023/7/26,34.4,34.11,34.59,33.96,174767,596645958.4,-1.1
2023/7/27,34.11,34.69,35.26,34.1,301694,1050305826,1.7
2023/7/28,34.5,35.52,35.79,34.45,374944,1324971944,2.39
2023/7/31,35.76,36.32,37,35.76,452361,1651852697,2.25
2023/8/1,36.32,36,36.66,35.63,264396,953915180.5,-0.88
2023/8/2,36,35.66,36.21,35.53,160862,575859418,-0.94
2023/8/3,35.53,35.53,35.99,35.27,193944,689634680.3,-0.36
2023/8/4,35.81,36.55,36.83,35.81,348024,1272450076,2.87
2023/8/7,36.54,36.58,37.65,36.25,384304,1419429978,0.08
2023/8/8,36.68,36.33,36.85,36.1,173045,629476261.1,-0.68
2023/8/9,36.12,35.98,36.55,35.95,133692,484082430,-0.96
2023/8/10,35.9,36.2,36.55,35.9,141068,510692317.1,0.61
2023/8/11,36.18,35.26,36.38,35.11,288138,1025916594,-2.6
2023/8/14,35,34.96,35.01,34.46,187467,651486655.7,-0.85
2023/8/15,34.96,34.82,35.3,34.42,204481,711752773.6,-0.4
2023/8/16,34.81,33.74,34.81,33.72,228999,781453409,-3.1
2023/8/17,33.71,34.4,34.68,33.5,181998,623515224.8,1.96
2023/8/18,34.43,33.9,34.9,33.85,168904,580431978.3,-1.45
2023/8/21,34.02,34.37,35.45,34,316680,1101333591,1.39
2023/8/22,34.7,35.19,35.34,34.26,262269,913261254.8,2.39
2023/8/23,35.1,34.18,35.5,34.17,270956,942754950.9,-2.87
2023/8/24,34.35,34.19,34.68,33.8,182755,626529474.8,0.03
2023/8/25,33.89,33.28,33.97,33.05,254663,851393166.2,-2.66
2023/8/28,35.03,34.04,35.26,33.8,373131,1281621748,2.28
2023/8/29,33.95,35.36,35.48,33.74,294234,1026723440,3.88
2023/8/30,35.36,35.45,35.7,34.92,239541,845887614.2,0.25
2023/8/31,35.37,35.28,35.64,35.04,137784,487171250.7,-0.48
2023/9/1,35.27,35.55,35.8,35,182718,647925391.7,0.77
2023/9/4,35.7,35.81,36.2,35.66,276551,994070620.9,0.73
2023/9/5,35.68,35.53,36.11,35.44,239584,855824916.1,-0.78
2023/9/6,35.41,35.17,35.7,34.7,243389,857981421.3,-1.01
2023/9/7,35.17,34.3,35.17,34.2,227249,786389006.4,-2.47
2023/9/8,34.31,33.98,34.44,33.92,162795,554665271.6,-0.93
2023/9/11,34,34,34.5,33.8,269223,918532534.2,0.06
2023/9/12,34.02,33.77,34.19,33.62,210378,710866019.3,-0.68
2023/9/13,33.78,33.23,33.8,33,316079,1052486579,-1.6
2023/9/14,33.22,33.24,33.43,33.04,191118,635655115.2,0.03
2023/9/15,33.4,32.55,33.45,32.2,335845,1098109404,-2.08
2023/9/18,32.4,32.49,33.01,32.19,200909,654819999.7,-0.18
2023/9/19,32.51,31.85,32.53,31.72,357424,1139201404,-1.97
2023/9/20,31.85,32.01,32.05,31.66,168770,538803192.7,0.5
2023/9/21,32.08,31.92,32.23,31.75,135381,433460907.5,-0.28
2023/9/22,31.91,33.2,33.29,31.84,302880,992854049.8,4.01
2023/9/25,33.2,33.05,33.34,32.9,178381,590719541.4,-0.45
2023/9/26,33.1,33.49,34.09,33.07,341075,1148435320,1.33
2023/9/27,33.29,33.45,33.51,33.02,148174,494387038.4,-0.12
2023/9/28,33.45,33.8,33.87,33.38,194514,655828498.1,1.05
2023/10/9,33.79,34.01,34.15,33.18,218527,738476479.2,0.62
2023/10/10,34.22,33.81,34.27,33.67,164097,557254079,-0.59
2023/10/11,33.81,34.18,34.35,33.81,180791,618047197.2,1.09
2023/10/12,34.35,34.6,34.7,34.08,210843,727319830.1,1.23
2023/10/13,34.44,34.41,34.7,34.1,162492,559055880.3,-0.55
2023/10/16,34.36,33.77,34.36,33.66,148581,502713702.8,-1.86
2023/10/17,33.95,33.94,34.37,33.73,145755,496243214.3,0.5
2023/10/18,33.93,33.69,34.04,33.6,125515,423439088.4,-0.74
2023/10/19,33.59,33.24,33.78,33.21,132760,444941714.4,-1.34
2023/10/20,33.16,32.69,33.3,32.58,147115,482503594.9,-1.65
2023/10/23,33.6,33.8,34.21,33.1,382144,1286515998,3.4
2023/10/24,33.72,33.87,34,33.02,285297,958465642.7,0.21
2023/10/25,34.8,35.27,35.69,34.72,447794,1580201713,4.13
2023/10/26,35,35.34,35.4,34.76,246674,866354490.1,0.2
2023/10/27,35.29,35.9,36.29,35.05,344520,1235553456,1.58
2023/10/30,35.83,36.56,37,35.59,364811,1331858046,1.84
2023/10/31,36.55,36.45,36.68,35.99,224206,813131573.7,-0.3
2023/11/1,36.49,36.17,36.59,35.9,207965,751491005.5,-0.77
2023/11/2,36.13,35.87,36.42,35.83,145799,525630240.6,-0.83
2023/11/3,36,35.81,36.31,35.76,164708,592987815.7,-0.17
2023/11/6,35.9,36.93,37.16,35.9,345642,1267792731,3.13
2023/11/7,36.89,36.86,37.31,36.64,253424,937293013.1,-0.19
2023/11/8,36.67,37.22,37.53,36.59,255360,950399744.9,0.98
2023/11/9,37.16,37.07,37.75,36.83,244293,908363661.8,-0.4
2023/11/10,36.9,37.18,37.5,36.6,175802,652796922,0.3
2023/11/13,37.25,37.24,37.58,36.91,184447,688325089.5,0.16
2023/11/14,37.16,36.49,37.43,36.45,234207,862896531.3,-2.01
2023/11/15,36.95,36.65,37.14,36.21,191412,700813389.4,0.44
2023/11/16,36.5,36,36.79,36,171762,622176914.2,-1.77
2023/11/17,35.95,35.71,36.28,35.62,198332,710774917.4,-0.81
2023/11/20,35.7,35.79,36.06,35.47,179573,642473510,0.22
2023/11/21,35.83,35.87,36.36,35.72,175027,629365166.8,0.22
2023/11/22,35.88,35.55,35.97,35.31,125945,448657017.4,-0.89
2023/11/23,35.55,35.85,35.95,35.21,128442,458138372.1,0.84
2023/11/24,36.3,35.81,36.35,35.56,150740,540096403.9,-0.11
2023/11/27,35.81,35.28,35.82,35.1,174932,617485196.6,-1.48
2023/11/28,35.18,35.28,35.49,35.11,123269,434855887.4,0
2023/11/29,35.28,35.02,35.44,34.88,124957,438948208.7,-0.74
2023/11/30,34.83,34.79,35.08,34.67,130609,455240320.1,-0.66
2023/12/1,34.84,35.5,35.5,34.5,202543,709156816.6,2.04
2023/12/4,35.6,34.9,35.99,34.88,198810,701561720.2,-1.69
2023/12/5,34.45,33.8,34.88,33.78,224489,766527950.3,-3.15
2023/12/6,33.77,33.6,34.05,33.35,170697,575107192.8,-0.59
2023/12/7,33.6,33.09,33.62,33,247689,821678041.3,-1.52
2023/12/8,33.1,32.65,33.52,32.65,428556,1413581351,-1.33
2023/12/11,32.67,34.18,34.25,32.51,412224,1378790832,4.69
2023/12/12,34.01,34.02,34.15,33.51,248031,838023430.4,-0.47
2023/12/13,33.98,33.5,34.02,33.4,178588,602268360.5,-1.53
2023/12/14,33.6,33.32,33.76,33.25,137704,460738649.1,-0.54
2023/12/15,33.32,33.31,33.58,33.11,113719,378807164.3,-0.03
2023/12/18,33.17,33.14,33.71,32.89,126942,422959126.3,-0.51
2023/12/19,33.02,33.32,33.32,32.8,131522,435108898.6,0.54
2023/12/20,33.31,32.8,33.42,32.72,156263,517117205.5,-1.56
2023/12/21,32.67,32.88,33.08,32.61,178766,586256347.2,0.24
2023/12/22,32.79,32.7,32.88,32.4,194133,633053523.5,-0.55
2023/12/25,32.59,32.94,33.13,32.51,163162,536725200.1,0.73
2023/12/26,32.94,32.8,33.03,32.71,163093,535699789.8,-0.43
2023/12/27,32.76,32.94,33.07,32.7,167172,550386201.9,0.43
2023/12/28,32.94,33.85,34.03,32.79,294559,993731280.2,2.76
2023/12/29,33.81,34.72,34.75,33.69,332343,1141916800,2.57
2024/1/2,34.68,33.77,34.68,33.25,384246,1290363710,-2.74
2024/1/3,33.48,33.06,33.7,32.82,304836,1008315315,-2.1
2024/1/4,33,32.58,33.02,32.04,340313,1103184842,-1.45
2024/1/5,32.36,32.43,32.94,32.14,234766,763550814.9,-0.46
2024/1/8,32.42,31.68,32.42,31.3,303620,961036038.2,-2.31
2024/1/9,31.66,31.15,31.68,30.42,413645,1276313395,-1.67
2024/1/10,30.93,30.35,30.99,30.2,292050,889987096.4,-2.57
2024/1/11,30.35,30.86,31.2,30.21,324031,998882370.9,1.68
2024/1/12,30.73,30.43,30.93,30.36,290265,886807429.1,-1.39
2024/1/15,30.5,30.5,30.63,30.15,288362,876401002.5,0.23
2024/1/16,30.47,30.67,30.7,30.18,227740,695748353.2,0.56
2024/1/17,30.83,30.98,31.24,30.75,359275,1113438307,1.01
2024/1/18,30.66,31.63,31.9,30.41,432608,1343406437,2.1
2024/1/19,31.5,31.68,31.92,31.4,276198,874132260.5,0.16
2024/1/22,31.65,30.89,31.78,30.64,314734,985293957.8,-2.49
2024/1/23,30.89,30.74,31.09,30.11,330313,1009871427,-0.49
2024/1/24,30.71,31.38,31.38,30.18,267174,821964669.6,2.08
2024/1/25,31.38,32.06,32.18,31.19,277308,884704559.7,2.17
2024/1/26,32.08,31.7,32.24,31.5,256807,818356192.7,-1.12
2024/1/29,31.88,31.5,32.12,31.46,185241,586931527.8,-0.63
2024/1/30,31.97,31.82,32.7,31.8,388196,1249025389,1.02
2024/1/31,31.65,31.92,32.15,30.86,308749,976900404.4,0.31
2024/2/1,31.75,31.88,32.2,31.16,256941,816353786.4,-0.13
2024/2/2,31.87,31.08,32.2,29.82,335162,1041445949,-2.51
2024/2/5,30.66,31.1,31.6,30.27,377249,1170458613,0.06
2024/2/6,30.8,32.55,32.8,30.72,417534,1340638404,4.66
2024/2/7,32.58,32.93,33.35,32.26,376516,1243565592,1.17
2024/2/8,33.5,33.65,33.99,33.02,414607,1397333087,2.19
2024/2/19,34.61,33.8,34.8,33.5,378765,1290757135,0.45
2024/2/20,33.43,33.91,34.05,33.29,262659,885972732.5,0.33
2024/2/21,33.61,33.98,34.48,33.51,321610,1096765760,0.21
2024/2/22,34.24,34.32,34.66,34.11,262065,900734021.7,1
2024/2/23,34.38,34.59,34.64,34,278107,954374008.1,0.79
2024/2/26,34.57,34.29,34.82,34.25,272814,941116695.2,-0.87
2024/2/27,34.11,34.95,34.95,33.85,385887,1329490554,1.92
2024/2/28,35.05,34.5,35.63,34.5,423925,1487752586,-1.29
2024/2/29,34.26,34.95,35.12,34.2,347575,1208384377,1.3
2024/3/1,34.93,35.68,35.87,34.73,470802,1670943780,2.09
2024/3/4,35.69,35,36.1,34.63,517399,1817574718,-1.91
2024/3/5,34.78,35.52,36.8,34.51,694961,2478546622,1.49
2024/3/6,35,34.42,35,34.33,522810,1806324420,-3.1
2024/3/7,34.35,33.95,34.67,33.75,372159,1271517494,-1.37
2024/3/8,33.99,33.93,34.17,33.36,335910,1134157902,-0.06
2024/3/11,33.74,34.2,34.3,33.6,347382,1180884369,0.8
2024/3/12,34.21,34.35,34.43,33.85,403847,1379150861,0.44
2024/3/13,34.34,34.01,34.63,33.98,353514,1212384405,-0.99
2024/3/14,33.88,33.47,34.12,33.33,328459,1106884355,-1.59
2024/3/15,33.44,33.26,33.44,32.95,413389,1367763682,-0.63
2024/3/18,33.38,33.51,33.52,33.06,403869,1342789700,0.75
2024/3/19,33.4,33.32,33.57,33.21,330921,1104319651,-0.57
2024/3/20,33.2,33.47,33.48,33.11,325440,1084146682,0.45
2024/3/21,33.5,33.36,33.62,33.26,300981,1006108466,-0.33
2024/3/22,33.3,32.73,33.3,32.61,357877,1174244097,-1.89
2024/3/25,32.7,32.65,33.45,32.51,297496,980130893.1,-0.24
2024/3/26,32.3,32.35,32.55,32.02,274264,885220718.2,-0.92
2024/3/27,32.35,32.45,32.8,32.03,299124,973593189.4,0.31
2024/3/28,32.31,32.55,32.92,32.18,280732,913308087.9,0.31
2024/3/29,32.42,32.16,32.69,32,295148,951453044.9,-1.2
2024/4/1,32.21,32.85,33,32.21,394809,1294665670,2.15
2024/4/2,32.96,32.19,32.98,32.05,346442,1122457555,-2.01
2024/4/3,32.19,31.78,32.25,31.58,343147,1091570268,-1.27
2024/4/8,31.76,31.6,31.9,31.53,227591,721381303.9,-0.57
2024/4/9,31.58,31.84,31.94,31.31,256287,810828362.5,0.76
2024/4/10,31.84,31.18,31.84,31.07,263664,826806665.7,-2.07
2024/4/11,31.06,31.24,31.46,30.92,207557,648617906,0.19
2024/4/12,31.4,30.92,31.47,30.85,249327,775707174,-1.02
2024/4/15,30.63,31.19,31.46,30.63,308070,961643584.1,0.87
2024/4/16,31.15,31.56,32.08,31.03,486558,1542460471,1.19
2024/4/17,31.62,32.11,32.14,31.1,397382,1263569084,1.74
2024/4/18,32.01,31.97,32.32,31.8,366002,1174964272,-0.44
2024/4/19,31.86,32.1,32.19,31.41,334379,1064415313,0.41
2024/4/22,31.7,32.85,33.1,31.67,627859,2053586166,2.34
2024/4/23,32.9,32.6,32.97,32.3,346462,1125912658,-0.76
2024/4/24,32.53,32.51,32.61,32.07,309600,1002023703,-0.28
2024/4/25,32.38,32.64,32.67,32.08,318441,1030645134,0.4
2024/4/26,32.52,32.87,32.92,32.45,466844,1528425989,0.7
2024/4/29,32.86,33.26,33.41,32.56,489537,1622842754,1.19
2024/4/30,33.24,33.11,33.24,32.93,236633,783068878.3,-0.45
2024/5/6,33.51,33.76,33.87,33.4,445451,1499389028,1.96
2024/5/7,33.67,33.63,33.85,33.55,225354,759423628.9,-0.39
2024/5/8,33.64,32.74,33.64,32.73,422879,1396203859,-2.65
2024/5/9,32.73,33.05,33.17,32.71,218767,722651634.8,0.95
2024/5/10,33.07,33.17,33.45,32.91,283422,940821086.3,0.36
2024/5/13,33.06,33.22,33.39,32.67,221327,732160710.1,0.15
2024/5/14,33.22,33.53,33.68,33.19,241352,807010164.4,0.93
2024/5/15,33.53,33.21,33.8,33.2,210766,707232817.1,-0.95
2024/5/16,33.32,33.09,33.42,32.99,231438,766753285.2,-0.36
2024/5/17,33.1,33.69,33.69,33,214622,716731578.6,1.81
2024/5/20,33.69,33.88,34.34,33.64,298027,1011146519,0.56
2024/5/21,33.2,32.92,33.27,32.75,249133,823212410.4,-2.83
2024/5/22,32.72,33.03,33.14,32.72,156926,517806009.1,0.33
2024/5/23,32.96,32.48,33.35,32.36,206130,673749610.7,-1.67
2024/5/24,32.46,32.48,32.75,32.36,171170,557705553,0
2024/5/27,32.48,32.58,32.6,31.82,253465,816259578.2,0.31
2024/5/28,32.48,32.59,32.82,32.31,137925,449751728.7,0.03
2024/5/29,32.59,32.7,32.79,32.48,154515,505011004.6,0.34
2024/5/30,32.55,32.66,32.8,32.34,140112,457153960.2,-0.12
2024/5/31,32.7,32.61,32.79,32.56,150474,491718849.4,-0.15
2024/6/3,32.72,32.66,32.77,32.35,179986,585710448,0.15
2024/6/4,32.55,32.95,33.5,32.54,259617,858967388.5,0.89
2024/6/5,33,33.42,33.64,32.97,337711,1128144693,1.43
2024/6/6,33.3,33.12,33.58,32.95,212835,705690801.1,-0.9
2024/6/7,33.12,33.12,33.6,32.79,243998,810105306.8,0
2024/6/11,32.92,33.5,33.53,32.9,209564,696760268.6,1.15
2024/6/12,33.41,32.88,33.7,32.85,285472,948089324.5,-1.85
2024/6/13,32.79,32.48,32.81,31.92,343521,1111201246,-1.22
2024/6/14,32.4,32.93,33.1,32.32,222064,728399141.9,1.39
2024/6/17,32.76,32.2,33.29,32.07,351692,1145805810,-2.22
2024/6/18,32.23,32.46,32.59,32.08,166685,540384965.2,0.81
2024/6/19,32.55,32.23,32.59,32.23,133568,432066271.7,-0.71
2024/6/20,32.12,31.65,32.23,31.31,302426,955747893.1,-1.8
2024/6/21,31.52,31.85,31.9,31.43,136140,431623302.1,0.63
2024/6/24,31.79,31.42,31.79,31.27,209074,657643649.1,-1.35
2024/6/25,31.42,30.92,31.61,30.71,210119,653158374.6,-1.59
2024/6/26,31,31.04,31.14,30.65,217687,672897548.3,0.39
2024/6/27,31.05,30.71,31.06,30.5,180629,555156433.2,-1.06
2024/6/28,30.67,30.91,31.08,30.61,181627,560939351.1,0.65
2024/7/1,30.93,30.81,30.96,30.41,160453,491852575.4,-0.32
2024/7/2,30.81,30.12,30.97,30.03,306422,929680366.2,-2.24
2024/7/3,30.15,30.17,30.3,29.86,185850,559389452.9,0.17
2024/7/4,30.16,29.75,30.53,29.6,239819,717446233.1,-1.39
2024/7/5,29.66,29.83,29.86,29.35,156550,463627825.3,0.27
2024/7/8,29.83,29.33,29.95,29,214069,627815332.2,-1.68
2024/7/9,29.2,29.41,29.43,28.86,290273,845499744.8,0.27
2024/7/10,29.34,29.42,29.72,29.12,208487,614645701.7,0.03
2024/7/11,29.82,30.1,30.3,29.6,289079,868321777.2,2.31
2024/7/12,30.15,30.03,30.15,29.75,173734,521112282.1,-0.23
2024/7/15,29.98,30.03,30.14,29.75,135822,407068314.6,0
2024/7/16,29.98,30.25,30.3,29.82,186670,563135439.6,0.73
2024/7/17,30.24,30.28,30.48,29.98,188167,569135297.6,0.1
2024/7/18,30.15,30.02,30.15,29.62,212389,635014118.4,-0.86
2024/7/19,30.02,30.3,30.38,29.86,210241,634847645.6,0.93
2024/7/22,30.32,30.37,30.54,30.1,188283,572049208.9,0.23
2024/7/23,30.25,29.58,30.3,29.58,227201,677818406.3,-2.6
2024/7/24,29.55,29.32,29.64,28.97,215102,628996831.4,-0.88
2024/7/25,29.2,29.3,29.33,28.92,183613,534964279.5,-0.07
2024/7/26,29.3,29.55,29.56,29.11,187788,551120913.1,0.85
2024/7/29,29.55,29.11,29.59,29.01,187007,545809975.4,-1.49
2024/7/30,29.09,28.67,29.09,28.2,359028,1021902891,-1.51
2024/7/31,28.5,29.07,29.21,28.33,449685,1298984791,1.4
2024/8/1,29.08,28.77,29.18,28.66,315119,908522134.1,-1.03
2024/8/2,28.51,28.38,28.74,28.36,289399,824830396.1,-1.36
2024/8/5,28.22,27.53,28.44,27.47,461210,1284586050,-3
2024/8/6,27.7,27.73,27.9,27.54,257511,712425213,0.73
2024/8/7,27.7,27.52,27.8,27.34,265708,731549366.8,-0.76
2024/8/8,27.42,27.59,27.61,26.86,364182,993045138.4,0.25
2024/8/9,27.59,27.2,27.74,27.14,218030,597075594.8,-1.41
2024/8/12,27.1,27.13,27.23,27.04,163721,443982372.7,-0.26
2024/8/13,27.17,27.15,27.25,27,180813,490007743.5,0.07
2024/8/14,27.13,27.25,27.36,27.04,164620,448447828.7,0.37
2024/8/15,27.16,27.45,27.54,27.11,195196,534989976.7,0.73
2024/8/16,27.45,27.54,27.72,27.42,222362,612659097,0.33
2024/8/19,26.83,26.71,27.15,26.52,610220,1632420399,-3.01
2024/8/20,26.7,26.44,26.75,26.2,332087,876669440,-1.01
2024/8/21,26.44,26.53,26.68,26.4,177212,470852289.3,0.34
2024/8/22,26.54,26.22,26.59,26.18,169285,446284445.8,-1.17
2024/8/23,26.18,26.55,26.6,26.12,172015,454244271.6,1.26
2024/8/26,26.68,26.38,26.69,26.13,200204,527743980.2,-0.64
2024/8/27,26.31,26.14,26.34,26,153665,400844449.8,-0.91
2024/8/28,26.08,26.2,26.29,26.03,123991,324455857.6,0.23
2024/8/29,26.14,26.17,26.31,26.01,195710,512835144.7,-0.11
2024/8/30,26.15,26.72,26.95,26.04,371371,987425519.4,2.1
2024/9/2,26.63,26.17,26.65,26.17,218001,574749063.8,-2.06
2024/9/3,26.08,26.4,26.47,26.06,197814,521179362.3,0.88
2024/9/4,26.3,26.54,26.65,26.21,184831,490039917.8,0.53
2024/9/5,26.55,26.48,26.6,26.36,187408,495888059.5,-0.23
2024/9/6,26.46,26.15,26.53,26.13,140628,369666348.2,-1.25
2024/9/9,26.11,25.33,26.12,25.31,330155,846010010.1,-3.14
2024/9/10,25.39,25.85,25.87,25.03,280469,716034178,2.05
2024/9/11,25.68,25.73,25.85,25.52,162024,415753503.9,-0.46
2024/9/12,25.74,25.27,25.95,25.26,199981,510785343.3,-1.79
2024/9/13,25.27,25.08,25.39,25.03,171472,431545375,-0.75
2024/9/18,25.1,25.13,25.17,24.71,201371,501801908.4,0.2
2024/9/19,25.22,25.17,25.43,24.83,273412,687930250.2,0.16
2024/9/20,25.2,25.34,25.38,24.93,242693,611454564.1,0.68
2024/9/23,25.33,25.35,25.56,25.26,176577,448645675,0.04
2024/9/24,25.5,26.17,26.17,25.34,409033,1057848635,3.23
2024/9/25,26.58,26.91,27.6,26.58,665837,1805529123,2.83
2024/9/26,26.91,28.22,28.22,26.9,619064,1712999961,4.87
2024/9/27,29,29.69,30.24,28.99,1054625,3120097177,5.21
2024/9/30,31.02,32.29,32.32,30.6,1426073,4514701468,8.76
2024/10/8,35.52,33.83,35.52,32.3,2274300,7700155093,4.77
2024/10/9,33.3,31.5,33.3,31.46,1189689,3814098800,-6.89
2024/10/10,31.26,31.37,32.19,31.1,790535,2501204596,-0.41
2024/10/11,31.18,29.63,31.21,29.25,891878,2692718942,-5.55
2024/10/14,29.63,30.42,30.75,29.51,1096891,3326150655,2.67
2024/10/15,30.44,29.31,30.95,29.28,886973,2667339897,-3.65
2024/10/16,28.86,28.28,29,28.08,875208,2491709058,-3.51
2024/10/17,28.46,27.99,28.66,27.97,696249,1973198334,-1.03
2024/10/18,27.9,28.87,29.65,27.72,999984,2854837627,3.14
2024/10/21,30.8,30.73,31.49,30.01,2188494,6743963244,6.44
2024/10/22,30.7,30.84,30.99,30.01,825399,2527713714,0.36
2024/10/23,30.85,30.9,31.15,30.61,712447,2202560818,0.19
2024/10/24,30.74,30.66,30.8,30.35,520313,1592052169,-0.78
2024/10/25,30.66,30.95,31.1,30.37,637222,1960951042,0.95
2024/10/28,30.49,30.61,30.61,30.1,757095,2295201653,-1.1
2024/10/29,30.62,30.54,30.88,30.3,577099,1762534692,-0.23
2024/10/30,30.33,30.01,30.35,29.8,565877,1699960414,-1.74
2024/10/31,29.99,30.11,30.3,29.36,564802,1690490290,0.33
2024/11/1,29.92,30.12,30.3,29.75,468641,1408295656,0.03
2024/11/4,30.13,31,31,30.02,652972,2006933905,2.92
2024/11/5,31,31.42,31.59,30.72,790511,2466094555,1.35
2024/11/6,31.42,31.25,31.62,31,762275,2387311872,-0.54
2024/11/7,31,31.83,31.85,30.81,646359,2032670272,1.86
2024/11/8,32.01,31.6,32.36,31.44,714886,2278947032,-0.72
2024/11/11,31.48,32.88,33.2,31.18,1080826,3512640391,4.05
2024/11/12,33,32.17,33,32,733160,2384609382,-2.16
2024/11/13,32.07,32.42,32.58,31.8,597571,1931136200,0.78
2024/11/14,32.43,31.63,32.7,31.55,512331,1647396165,-2.44
2024/11/15,31.63,31.4,32.28,31.4,498724,1587994394,-0.73
2024/11/18,31.6,30.72,31.71,30.61,566350,1754034812,-2.17
2024/11/19,30.72,31.09,31.14,30.44,386985,1194992641,1.2
2024/11/20,31.05,31.1,31.28,30.88,273774,850623954.7,0.03
2024/11/21,31.11,30.89,31.11,30.72,257343,795014851.2,-0.68
2024/11/22,30.88,30.02,30.95,30,375540,1143837511,-2.82
2024/11/25,30.01,29.59,30.07,29.38,327553,973550786.4,-1.43
2024/11/26,29.6,29.59,29.87,29.54,181484,538592251.7,0
2024/11/27,29.51,30.02,30.02,29.45,280959,837838461.1,1.45
2024/11/28,30,29.8,30.15,29.75,252513,755396034.6,-0.73
2024/11/29,29.91,30.08,30.26,29.64,282653,848316007.8,0.94
2024/12/2,30,30.23,30.3,29.91,451052,1358858325,0.5
2024/12/3,30.11,29.99,30.2,29.8,319601,956358652.9,-0.79
2024/12/4,29.94,29.67,29.95,29.63,266565,793373602.2,-1.07
2024/12/5,29.67,29.72,29.78,29.45,255385,756445571.1,0.17
2024/12/6,29.9,30.64,30.65,29.9,560277,1699146508,3.1
2024/12/9,30.65,31.27,31.77,30.46,707477,2216839037,2.06
2024/12/10,32.87,31.97,32.96,31.93,1080024,3500129892,2.24
2024/12/11,31.97,31.51,32.1,31.35,476081,1505249970,-1.44
2024/12/12,31.52,31.58,31.65,31.3,379419,1194004058,0.22
2024/12/13,31.41,30.81,31.41,30.8,540361,1676811144,-2.44
2024/12/16,30.91,30.4,31.08,30.18,399771,1216719192,-1.33
2024/12/17,30.4,30.5,30.84,30.26,327590,1002591634,0.33
2024/12/18,30.81,31,31.25,30.79,407450,1264497593,1.64
2024/12/19,30.61,31.04,31.1,30.53,301415,930938607.8,0.13
2024/12/20,31.01,30.88,31.07,30.75,312762,966377287.6,-0.52
2024/12/23,30.88,30.72,31.09,30.6,391766,1209473303,-0.52
2024/12/24,30.7,30.74,31.08,30.47,413838,1274467041,0.07
2024/12/25,30.8,31.25,31.39,30.66,532228,1656411490,1.66
2024/12/26,31.32,31.5,31.51,30.91,503498,1578220424,0.8
2024/12/27,31.6,31.06,31.64,31,345618,1079996955,-1.4
2024/12/30,30.95,31.02,31.21,30.9,288680,897020001,-0.13
2024/12/31,31.05,30.7,31.07,30.36,511077,1566706226,-1.03
2025/1/2,30.58,29.6,30.58,29.41,489232,1463495012,-3.58
2025/1/3,29.66,28.83,29.78,28.7,429863,1253604684,-2.6
2025/1/6,28.84,28.32,28.89,28.2,389216,1108551659,-1.77
2025/1/7,28.33,28.41,28.47,28.2,293223,831108845.1,0.32
2025/1/8,28.36,28.09,28.37,27.53,390032,1088411640,-1.13
2025/1/9,28,28.13,28.41,27.88,282786,797075235.2,0.14
2025/1/10,28.12,27.8,28.26,27.8,211258,592830952.5,-1.17
2025/1/13,27.59,27.67,28.1,27.51,264246,732285442.2,-0.47
2025/1/14,27.72,28.36,28.37,27.56,493002,1387307111,2.49
2025/1/15,28.37,28.1,28.37,27.9,327651,918633364.2,-0.92
2025/1/16,28.14,28.13,28.46,27.95,275257,776562238.6,0.11
2025/1/17,28.02,28.2,28.37,27.9,215102,605876403.6,0.25
2025/1/20,28.37,28.28,28.54,28.22,301355,854751256.5,0.28
2025/1/21,28.41,28.39,28.47,28.2,229567,650598904.9,0.39
2025/1/22,28.39,28.46,28.58,28.03,325267,921169918.6,0.25
2025/1/23,28.75,28.63,28.94,28.41,351262,1006360881,0.6
2025/1/24,28.5,29.02,29.07,28.45,373733,1078910142,1.36
2025/1/27,29.13,29.03,29.25,28.93,268623,780936490.5,0.03
2025/2/5,29.55,30,30.2,29.28,704038,2104193843,3.34
2025/2/6,29.9,30.37,30.45,29.66,562969,1696165830,1.23
2025/2/7,30.37,30.88,31.02,30.35,812889,2499200984,1.68
2025/2/10,30.88,31.05,31.25,30.67,553157,1715151422,0.55
2025/2/11,31.1,31.22,31.58,30.89,589687,1847552661,0.55
2025/2/12,31.21,30.91,31.21,30.6,552004,1700023222,-0.99
2025/2/13,30.9,30.49,30.9,30.3,452335,1384001654,-1.36
2025/2/14,30.48,31.54,31.85,30.4,683746,2136041244,3.44
2025/2/17,31.88,31.58,31.9,31.4,452273,1429731248,0.13
2025/2/18,31.56,32.1,32.67,31.42,1053079,3400549816,1.65
2025/2/19,32,32.25,32.32,31.71,514035,1648753115,0.47
2025/2/20,32.19,32.09,32.77,31.98,394611,1272685902,-0.5
2025/2/21,32.1,32.69,32.77,32.08,640663,2081999872,1.87
2025/2/24,32.16,31.85,32.79,31.65,1103666,3547916721,-2.57
2025/2/25,31.46,31.1,31.46,30.85,743264,2315056405,-2.35
2025/2/26,31.1,31.21,31.29,30.83,494811,1534882050,0.35
2025/2/27,31.17,30.95,31.4,30.54,483799,1497388767,-0.83
2025/2/28,30.94,30.14,31.12,30.1,429248,1311411081,-2.62
2025/3/3,30.19,30.52,30.82,30.19,353727,1080968524,1.26
2025/3/4,30.43,30.85,30.95,30.3,391544,1205393873,1.08
2025/3/5,30.8,31.16,31.29,30.76,369645,1145942745,1
2025/3/6,31.29,33.6,33.76,31.25,1792938,5881985951,7.83
2025/3/7,33.07,33.56,34.07,32.98,1029249,3451111466,-0.12
2025/3/10,33.39,33.63,33.79,32.71,663769,2208007668,0.21
2025/3/11,33.16,33.13,33.47,32.8,513788,1698320830,-1.49
2025/3/12,33.17,33.28,33.64,33,408676,1363500369,0.45
2025/3/13,33.1,33.16,33.68,32.78,391959,1299112201,-0.36
2025/3/14,32.96,33.35,33.38,32.88,459028,1521541841,0.57
2025/3/17,33.28,33.35,33.55,33.14,342187,1142088881,0
2025/3/18,33.65,33.37,33.86,33.2,337288,1131126681,0.06
2025/3/19,33.37,33.3,33.6,33.11,267416,892369832.8,-0.21
2025/3/20,33.31,31.89,33.38,31.8,717862,2318088758,-4.23
2025/3/21,31.85,31.33,31.94,31.26,355063,1118983883,-1.76
2025/3/24,31.34,31.41,31.69,30.96,272458,853325085.9,0.26
2025/3/25,31.41,31.24,31.5,31.17,170583,534154783.9,-0.54
2025/3/26,31.41,31,31.42,30.91,228278,709255664.3,-0.77
2025/3/27,31,31.08,31.33,30.82,228978,712614508.9,0.26
2025/3/28,31.07,30.97,31.17,30.95,143849,446367995.4,-0.35
2025/3/31,30.9,30.7,31.09,30.14,352168,1074925785,-0.87
2025/4/1,30.72,30.46,30.76,30.21,326592,995154265.2,-0.78
2025/4/2,30.49,30.33,30.5,30.21,227390,689268727.5,-0.43
2025/4/3,30.12,29.91,30.28,29.8,319971,958766000.1,-1.38
2025/4/7,28.6,27.89,28.79,27.06,740912,2080174825,-6.75
2025/4/8,27.95,28.09,28.66,27.53,574018,1607649749,0.72
2025/4/9,27.99,28.17,28.3,27.63,652885,1829621888,0.28
2025/4/10,28.42,28.83,28.97,28.25,492102,1412761969,2.34
2025/4/11,28.6,28.5,28.82,28.19,419223,1194632599,-1.14
2025/4/14,28.8,28.7,29.05,28.66,305306,879383110.2,0.7
2025/4/15,28.7,28.58,28.75,28.31,239012,679860098.5,-0.42
2025/4/16,28.51,28.36,28.51,28.01,307634,867674332.8,-0.77
2025/4/17,28.2,28.21,28.35,28.15,273242,771904146.5,-0.53
2025/4/18,28.2,28.37,28.39,28.02,208472,587956611.1,0.57
2025/4/21,28.58,28.88,29.37,28.45,428671,1240657672,1.8
2025/4/22,28.8,28.49,28.89,28.35,322237,920091094,-1.35
2025/4/23,28.63,28.48,28.69,28.38,307322,875683138.1,-0.04
2025/4/24,28.52,28.33,28.61,28.18,326178,924434717.8,-0.53
2025/4/25,28.32,28.18,28.33,28.13,333327,940056714,-0.53
2025/4/28,28.18,28.06,28.24,28.02,263723,741662946.2,-0.43
2025/4/29,28.06,28.14,28.2,27.92,178708,502173920.4,0.29
2025/4/30,28.15,28.21,28.31,28.1,231297,652806908.5,0.25
2025/5/6,28.35,28.83,28.83,28.3,388268,1110450580,2.2
2025/5/7,29.05,28.84,29.27,28.64,345008,996400272.5,0.03
2025/5/8,28.68,28.92,29,28.67,263582,762003276,0.28
2025/5/9,28.92,28.65,28.92,28.54,221948,636217185.3,-0.93
2025/5/12,28.79,28.94,28.95,28.65,342352,987151433.5,1.01
2025/5/13,29.27,28.82,29.29,28.73,311527,901057998.6,-0.41
2025/5/14,28.83,29.01,29.08,28.7,318259,919245155.7,0.66
2025/5/15,28.98,28.79,28.98,28.73,200996,578986284.9,-0.76
2025/5/16,28.7,28.8,28.86,28.55,169305,486869068.8,0.03
2025/5/19,28.81,28.77,28.86,28.61,194152,557555180.2,-0.1
2025/5/20,28.1,28.18,28.2,27.9,258778,726235946.3,-2.05
2025/5/21,28.18,28.48,28.66,28.11,303614,861690464.5,1.06
2025/5/22,28.4,28.31,28.46,28.22,193578,548167945.6,-0.6
2025/5/23,28.29,28.18,28.39,28.12,237553,671120232.7,-0.46
2025/5/26,28.18,28.24,28.27,28.04,189369,532483962.7,0.21
2025/5/27,28.15,28.11,28.18,27.96,185945,521531860.6,-0.46
2025/5/28,28.1,28.01,28.18,28,161162,452466041.7,-0.36
2025/5/29,28.07,28.28,28.34,28.01,236107,666452365.2,0.96
2025/5/30,28.19,28.13,28.22,28.05,152289,428402303,-0.53
2025/6/3,28.04,28.04,28.19,27.93,215928,605673851.3,-0.32
2025/6/4,28.08,28.25,28.29,28.05,200058,564200164.4,0.75
2025/6/5,28.29,28.48,28.53,28.2,265595,753867583.1,0.81
2025/6/6,28.55,28.55,28.65,28.31,232926,663638201.3,0.25
2025/6/9,28.57,28.45,28.65,28.35,363016,1033706099,-0.35
2025/6/10,28.45,28.13,28.46,27.97,393118,1106474618,-1.12
2025/6/11,28.13,28.12,28.28,28.04,332891,936562782.4,-0.04
2025/6/12,28.09,27.99,28.09,27.81,383732,1071476922,-0.46
2025/6/13,27.91,27.76,27.94,27.69,376609,1045624846,-0.82
2025/6/16,27.62,27.59,27.77,27.41,456678,1258522079,-0.61
2025/6/17,27.51,27.62,27.66,27.44,205254,566029533,0.11
2025/6/18,27.62,27.65,27.66,27.45,185746,512527937.7,0.11
2025/6/19,27.58,27.45,27.62,27.3,305405,837238377.5,-0.72
2025/6/20,27.33,27.26,27.44,27.24,208001,568151398.9,-0.69
2025/6/23,27.05,27.32,27.35,27.02,198879,540488460.2,0.22
2025/6/24,27.38,27.61,27.64,27.31,281276,774094086.5,1.06
2025/6/25,27.65,27.81,27.82,27.53,320566,887219822.3,0.72
2025/6/26,27.8,27.59,27.98,27.54,314808,871626806.9,-0.79
2025/6/27,27.59,27.64,27.84,27.56,282154,780884763.3,0.18
2025/6/30,27.03,27.73,27.78,27.03,442301,1215035054,0.33
2025/7/1,27.6,27.53,27.63,27.38,328065,901660674.8,-0.72
2025/7/2,27.5,27.51,27.57,27.38,212872,584614298.3,-0.07
2025/7/3,27.49,27.71,27.76,27.46,326892,905049835.3,0.73
2025/7/4,27.72,27.61,27.8,27.59,299226,828603656.5,-0.36
2025/7/7,27.62,27.43,27.62,27.4,229587,629863850.4,-0.65
2025/7/8,27.44,27.62,27.65,27.44,256150,706339653.9,0.69
2025/7/9,27.63,27.68,27.77,27.55,326503,903779820.9,0.22
2025/7/10,27.66,27.78,27.86,27.55,304835,844228428,0.36
2025/7/11,27.79,27.9,28.05,27.79,489184,1366329581,0.43
2025/7/14,27.9,27.76,27.92,27.72,286367,795812812.9,-0.5
2025/7/15,27.76,27.93,27.95,27.63,462288,1284598501,0.61
2025/7/16,27.81,27.72,27.85,27.68,366518,1017030735,-0.75
2025/7/17,27.72,27.94,27.98,27.65,448502,1248362421,0.79
2025/7/18,27.99,28.01,28.16,27.92,429856,1205792653,0.25
2025/7/21,28.08,28.14,28.29,28.01,445394,1251130075,0.46
2025/7/22,28.13,28.4,28.5,28.02,636593,1798929052,0.92
2025/7/23,28.41,28.27,28.8,28.2,657323,1873084918,-0.46
2025/7/24,28.25,28.64,28.64,28.22,486126,1383918300,1.31
2025/7/25,28.72,28.66,28.82,28.59,386553,1108600549,0.07
2025/7/28,28.75,28.59,28.82,28.46,464196,1328452395,-0.24
2025/7/29,28.5,28.56,28.59,28.24,443797,1261139263,-0.1
2025/7/30,28.55,28.49,28.69,28.25,483652,1378418518,-0.25
2025/7/31,28.44,28.1,28.47,28,542431,1530864325,-1.37
2025/8/1,28.26,29.11,29.56,28.1,1305644,3793419997,3.59
2025/8/4,28.75,28.57,29.15,28.37,1141282,3266338733,-1.86
2025/8/5,28.66,29.33,29.39,28.66,1076301,3133436709,2.66
2025/8/6,29.3,29.28,29.68,29.21,799404,2351431325,-0.17
2025/8/7,29.31,29.15,29.78,29.1,656133,1923263400,-0.44
2025/8/8,29.2,28.77,29.23,28.76,512567,1479854188,-1.3
2025/8/11,28.8,28.85,28.97,28.69,493794,1424360683,0.28
2025/8/12,29.09,29.25,29.64,29.05,668916,1961048829,1.39
2025/8/13,29.3,29.52,29.65,29.23,655170,1931536929,0.92
2025/8/14,29.5,29.19,29.65,29.1,573268,1685314835,-1.12
2025/8/15,29.17,29.56,29.56,29.16,566379,1663746389,1.27
2025/8/18,29.61,30.02,30.5,29.6,1093845,3296400497,1.56
2025/8/19,30.02,29.86,30.17,29.8,577845,1729825288,-0.53
2025/8/20,29.8,30.19,30.19,29.61,602425,1805583308,1.11
2025/8/21,30.28,30.33,30.75,30.05,700483,2130708778,0.46
2025/8/22,30.25,31.09,31.15,30.16,998030,3073840134,2.51
2025/8/25,31.48,31.18,31.55,30.81,1021059,3180160109,0.29
2025/8/26,31.01,31.28,31.47,30.88,672901,2102228950,0.32
2025/8/27,31.55,30.85,32.27,30.82,1177366,3726441579,-1.37
2025/8/28,30.81,31.18,31.3,30.4,907168,2803129928,1.07
2025/8/29,31.18,31.17,31.58,31.05,865002,2709144478,-0.03
2025/9/1,31.2,31.15,31.32,30.8,699327,2171963597,-0.06
2025/9/2,31.08,30.64,31.19,30.26,753069,2310385500,-1.64
2025/9/3,30.65,29.9,30.88,29.76,648237,1956421186,-2.42
2025/9/4,29.99,29.3,30.07,28.93,749056,2197851399,-2.01
2025/9/5,29.3,29.62,29.66,28.99,557236,1637903223,1.09
2025/9/8,29.63,30.33,30.68,29.63,749521,2269926293,2.4
2025/9/9,30.33,30.18,30.33,30,454187,1369352609,-0.49
2025/9/10,30.3,30.2,30.7,29.95,495452,1499729561,0.07
2025/9/11,30.18,30.89,30.89,30.08,690172,2110916726,2.28
2025/9/12,30.98,30.75,31.31,30.74,704978,2187807278,-0.45
2025/9/15,30.74,30.49,30.89,30.31,490990,1498757341,-0.85
2025/9/16,30.41,30.87,30.96,30.31,521356,1599359738,1.25
2025/9/17,30.87,30.75,30.96,30.38,480062,1472246994,-0.39
2025/9/18,30.75,30.92,32.1,30.59,1191373,3727138853,0.55
2025/9/19,30.92,30.71,31.06,30.66,574498,1770162061,-0.68
2025/9/22,30.65,30.41,30.77,30.2,560417,1704414625,-0.98
2025/9/23,30.41,30.29,30.66,29.88,585407,1768501191,-0.39
2025/9/24,30.18,30.97,31.04,30.02,805147,2460617369,2.24
2025/9/25,31,31.24,31.5,30.88,764545,2388389970,0.87
2025/9/26,31.19,30.66,31.34,30.56,551668,1702939762,-1.86
2025/9/29,30.66,31.22,31.3,30.21,659294,2025428182,1.83
2025/9/30,31.22,31.52,31.89,31.08,785014,2470207367,0.96
2025/10/9,31.8,34.17,34.67,31.8,2910955,9883137909,8.41
2025/10/10,33.78,33.91,34.48,33.27,1920925,6529742130,-0.76
2025/10/13,32.75,33.36,33.57,32.32,1541999,5075046931,-1.62
2025/10/14,33.52,33.25,34.78,33.05,1399432,4740161991,-0.33
2025/10/15,33.11,33.37,33.81,32.56,1023012,3391789504,0.36
2025/10/16,33.21,33.4,34.22,32.8,1001571,3341044489,0.09
2025/10/17,33.35,33.06,34.1,32.63,1161803,3857658497,-1.02
2025/10/20,33.89,32.36,34,32.05,1279132,4186908902,-2.12
2025/10/21,32.36,32.58,32.79,32.22,751995,2449246070,0.68
2025/10/22,32.31,33.47,33.6,31.96,1003215,3304836689,2.73
2025/10/23,33.37,33.43,33.7,32.76,704130,2343588096,-0.12
2025/10/24,33.43,33.29,33.85,33.18,715805,2391640064,-0.42
2025/10/27,33.63,33.9,34.28,33.38,947477,3206845184,1.83
2025/10/28,33.55,32.98,33.74,32.95,747508,2489095680,-2.71
2025/10/29,33.1,33.35,33.44,33.01,505884,1680721408,1.12
2025/10/30,33.28,33.22,33.95,33.1,751045,2513012992,-0.39
2025/10/31,33.1,32.87,33.67,32.8,733807,2432170752,-1.05
