日期,收盘,开盘,高,低,成交量,涨跌幅
2025/10/30,175.46,174.31,176.38,174.02,6.62M,-2.51%
2025/10/29,179.97,174.31,182.5,178.09,12.07M,1.84%
2025/10/28,176.72,177.48,179.38,175.24,11.91M,-1.52%
2025/10/27,179.45,179.74,180,177.62,12.58M,2.72%
2025/10/24,174.7,174.4,176.44,173.36,11.84M,1.63%
2025/10/23,171.9,168.97,173.24,168.32,12.79M,3.64%
2025/10/22,165.86,167,169.67,163.58,15.02M,-0.49%
2025/10/21,166.67,170.52,170.94,166.42,15.66M,-3.92%
2025/10/20,173.47,167.29,174.97,165.79,20.12M,3.84%
2025/10/17,167.05,161.76,169.1,161.15,17.77M,1.19%
2025/10/16,165.09,166.52,168.3,164.46,10.98M,-0.49%
2025/10/15,165.91,168.07,168.1,164.6,15.34M,1.87%
2025/10/14,162.86,160.05,166.5,160,18.58M,-2.37%
2025/10/13,166.81,167.78,168.79,165.03,25.70M,4.91%
2025/10/10,159.01,170.03,172.93,157.25,50.30M,-8.45%
2025/10/9,173.68,178.52,178.78,172.3,21.21M,-4.11%
2025/10/8,181.12,180.79,182.09,177.3,15.88M,-0.12%
2025/10/7,181.33,187.4,188.66,180.44,16.94M,-3.15%
2025/10/6,187.22,186.5,189.61,186.31,10.97M,-0.43%
2025/10/3,188.03,190.72,191.07,187.14,13.99M,-0.69%
2025/10/2,189.34,188.58,192.67,188.3,23.69M,3.59%
2025/10/1,182.78,179.98,183.08,178.87,14.97M,2.27%
2025/9/30,178.73,181.66,182.15,177.1,18.68M,-0.65%
2025/9/29,179.9,178.08,181.34,177.59,21.58M,4.65%
2025/9/26,171.91,172.17,172.76,169.7,15.97M,-2.03%
2025/9/25,175.47,173.4,175.77,170.43,20.71M,-0.55%
2025/9/24,176.44,175.98,180.16,175,52.64M,8.19%
2025/9/23,163.08,165.01,167.83,162.8,18.28M,-0.71%
2025/9/22,164.25,163.76,167.43,163.03,18.67M,0.88%
2025/9/19,162.81,164.69,166.25,162.61,18.18M,0.20%
2025/9/18,162.48,162.5,164.79,161.3,19.53M,-2.22%
2025/9/17,166.17,166,167.32,163.26,29.34M,2.44%
2025/9/16,162.21,158.36,163,157.59,26.02M,2.64%
2025/9/15,158.04,159.09,159.7,156.73,23.57M,1.92%
2025/9/12,155.06,154.07,155.46,152.06,20.90M,-0.24%
2025/9/11,155.44,148.12,156.85,147.86,50.09M,8.00%
2025/9/10,143.93,145.42,145.92,143.23,21.08M,-2.16%
2025/9/9,147.1,145.4,148,144.65,32.79M,4.18%
2025/9/8,141.2,139.88,141.22,138.77,20.10M,4.15%
2025/9/5,135.58,135.03,135.61,132.7,19.20M,3.56%
2025/9/4,130.92,133.16,134.25,130.06,24.73M,-4.05%
2025/9/3,136.45,136.7,137.77,135.58,16.47M,-1.52%
2025/9/2,138.55,134.47,138.83,133.06,41.63M,2.63%
2025/8/29,135,128.88,136.65,128.51,82.17M,12.90%
2025/8/28,119.57,119.53,121.25,117.6,14.50M,-2.18%
2025/8/27,122.23,121.2,122.51,120.79,13.83M,-1.58%
2025/8/26,124.19,125.29,126,123.72,8.71M,-0.13%
2025/8/25,124.35,125.18,126.73,123.5,12.89M,1.15%
2025/8/22,122.94,120.47,123.4,120.28,13.86M,4.11%
2025/8/21,118.09,117.88,119.27,117.51,8.23M,-1.17%
2025/8/20,119.49,119.92,120.81,118.67,7.10M,-0.42%
2025/8/19,119.99,121.58,122.58,119.99,8.11M,-1.16%
2025/8/18,121.4,121.92,123.15,120.9,8.55M,0.12%
2025/8/15,121.26,120.98,122.19,120.68,11.14M,-0.83%
2025/8/14,122.28,123.73,123.93,121.34,15.05M,-3.61%
2025/8/13,126.86,126.69,127.93,125.08,19.36M,3.63%
2025/8/12,122.42,118.81,122.79,118.1,11.99M,3.19%
2025/8/11,118.64,120.43,121.3,118.12,12.07M,-1.43%
2025/8/8,120.36,119.32,120.7,118.65,9.76M,-0.50%
2025/8/7,120.96,121.34,122.28,119.6,9.48M,0.08%
2025/8/6,120.86,118.88,121.29,117.77,12.08M,3.26%
2025/8/5,117.04,118.1,118.65,116.87,5.89M,-0.39%
2025/8/4,117.5,118.35,119.49,116.86,7.27M,0.37%
2025/8/1,117.07,118.06,118.37,116.11,12.42M,-2.95%
2025/7/31,120.63,117.82,121.34,117.52,13.65M,2.77%
2025/7/30,117.38,119.04,119.59,116.84,12.79M,-1.66%
2025/7/29,119.36,122.49,122.87,119.05,13.60M,-2.28%
2025/7/28,122.15,122.03,123.45,121.53,11.21M,1.77%
2025/7/25,120.03,120.19,120.48,119.34,7.06M,-0.92%
2025/7/24,121.15,121.85,123.99,120.45,11.38M,-1.17%
2025/7/23,122.58,122.79,123.86,121.4,12.87M,1.55%
2025/7/22,120.71,120.44,121.84,119,11.55M,0.37%
2025/7/21,120.27,119.51,122.31,118.25,17.94M,0.03%
2025/7/18,120.23,121.38,122.16,119.77,26.79M,2.50%
2025/7/17,117.3,115.04,118.2,114.86,14.57M,1.36%
2025/7/16,115.73,115.5,116.03,114.04,14.44M,-1.06%
2025/7/15,116.97,114.65,117.21,113.2,34.79M,8.09%
2025/7/14,108.22,107.64,108.8,107.19,13.23M,1.41%
2025/7/11,106.72,106.91,107.42,106.3,10.77M,0.08%
2025/7/10,106.64,105.14,106.76,104.41,13.55M,2.71%
2025/7/9,103.83,105.48,105.53,103.71,24.61M,-3.85%
2025/7/8,107.99,108.76,109.13,107.91,11.32M,1.62%
2025/7/7,106.27,107.43,108.2,105.94,17.45M,-2.24%
2025/7/3,108.7,108.33,109.08,107.95,11.85M,-1.82%
2025/7/2,110.71,111.57,111.82,110.37,13.84M,-2.86%
2025/7/1,113.97,112.95,114.79,112.74,9.24M,0.49%
2025/6/30,113.41,112.46,113.49,111.4,10.46M,-0.59%
2025/6/27,114.08,114.37,115.5,113.32,12.36M,0.13%
2025/6/26,113.93,114.1,114.2,113.38,8.39M,-0.54%
2025/6/25,114.55,117.2,117.45,114.17,12.84M,-2.10%
2025/6/24,117.01,114.61,117.32,113.62,17.13M,3.47%
2025/6/23,113.09,112.11,113.09,111.26,12.54M,0.07%
2025/6/20,113.01,114.11,114.43,112.62,12.74M,-0.42%
2025/6/18,113.49,113.64,114.3,113.02,14.00M,-1.34%
2025/6/17,115.03,115.94,116.61,115.03,10.21M,-0.80%
2025/6/16,115.96,114.98,116.9,114.87,10.24M,2.74%
2025/6/13,112.87,113.67,114.78,112.27,13.36M,-3.22%
2025/6/12,116.62,117.52,117.55,115.95,10.20M,-2.31%
2025/6/11,119.38,121.66,122.49,119.1,10.44M,-1.27%
2025/6/10,120.92,119.66,121.2,118.93,8.89M,0.33%
2025/6/9,120.52,120.13,121.19,119.17,10.41M,1.76%
2025/6/6,118.44,118.06,118.82,117.29,9.75M,-1.27%
2025/6/5,119.96,120.95,121.55,119.14,15.38M,0.43%
2025/6/4,119.45,116.82,120,116.66,18.12M,3.90%
2025/6/3,114.97,115.38,115.81,114.42,14.01M,0.19%
2025/6/2,114.75,114.9,115.4,113.66,13.15M,0.80%
2025/5/30,113.84,115.01,115.07,111.6,17.21M,-2.85%
2025/5/29,117.18,119.04,119.34,116.7,12.39M,0.38%
2025/5/28,116.74,117.45,117.92,116.51,11.71M,-2.33%
2025/5/27,119.52,119.88,120,118.89,8.54M,-1.00%
2025/5/23,120.73,119.58,121.04,119.28,7.16M,-0.62%
2025/5/22,121.48,121.49,122.17,120.92,7.82M,-1.71%
2025/5/21,123.59,125.45,126.06,122.77,8.52M,-1.25%
2025/5/20,125.16,124.29,125.22,124.15,11.79M,1.79%
2025/5/19,122.96,120.18,123.06,120,11.20M,-0.40%
2025/5/16,123.46,125.78,126.1,123.31,20.09M,-0.36%
2025/5/15,123.9,126.24,126.32,122.65,35.44M,-7.57%
2025/5/14,134.05,134.07,134.51,132.65,18.28M,1.82%
2025/5/13,131.65,131,133.03,130.2,16.12M,-0.68%
2025/5/12,132.55,133.87,134.07,132.3,22.63M,5.76%
2025/5/9,125.33,126.99,127.77,125.19,11.17M,-0.37%
2025/5/8,125.79,125.35,126.82,124.17,10.85M,2.08%
2025/5/7,123.23,124.91,124.96,122.91,16.02M,-3.47%
2025/5/6,127.66,128.46,129.73,127.49,17.92M,0.86%
2025/5/5,126.57,125,127.13,124.71,9.87M,0.64%
2025/5/2,125.76,126,126.62,124.25,18.09M,4.34%
2025/5/1,120.53,120.19,121.45,119.36,8.69M,0.92%
2025/4/30,119.43,119.09,119.94,118.19,10.14M,0.46%
2025/4/29,118.88,117.73,119.88,117.69,8.30M,0.43%
2025/4/28,118.37,119.5,120.67,117.29,10.75M,-1.59%
2025/4/25,120.28,118.58,120.49,118.27,9.31M,0.83%
2025/4/24,119.29,117.93,119.34,117.58,13.70M,0.27%
2025/4/23,118.97,119.59,123.81,118.75,25.76M,2.67%
2025/4/22,115.88,114.36,117.43,113.01,27.66M,5.20%
2025/4/21,110.15,108.73,110.23,107.27,12.15M,1.18%
2025/4/17,108.87,110.83,111.51,108.42,17.88M,1.99%
2025/4/16,106.75,108.18,108.97,105.95,18.03M,-4.93%
2025/4/15,112.28,113.78,114,111.47,16.17M,-1.48%
2025/4/14,113.97,111.87,116,111.7,32.93M,5.79%
2025/4/11,107.73,104.78,108.04,102.19,40.52M,3.41%
2025/4/10,104.18,106.86,108.45,101.37,53.13M,-0.57%
2025/4/9,104.78,100.6,107.04,95.73,74.98M,5.44%
2025/4/8,99.37,108.26,109,97.75,52.10M,-6.24%
2025/4/7,105.98,106.62,114.12,102.64,61.39M,-9.06%
2025/4/4,116.54,117.57,118.87,111.3,57.15M,-9.89%
2025/4/3,129.33,125.64,130.67,125.5,30.61M,-0.35%
2025/4/2,129.79,131.96,132.83,129.15,21.24M,-2.19%
2025/4/1,132.7,132.75,134.1,131.53,11.63M,0.36%
2025/3/31,132.23,130.03,132.87,128,12.18M,-0.15%
2025/3/28,132.43,133.5,134.21,131.4,13.27M,-2.36%
2025/3/27,135.63,133.45,137.79,132.88,16.69M,2.56%
2025/3/26,132.24,133.53,134.66,131.13,16.02M,-0.38%
2025/3/25,132.75,132.94,136.24,132.35,17.94M,-1.29%
2025/3/24,134.48,136.33,136.43,133.63,14.02M,-0.49%
2025/3/21,135.14,133.99,136.47,133.3,13.97M,-1.29%
2025/3/20,136.91,137.18,138.99,136.37,23.65M,-4.39%
2025/3/19,143.2,145.07,145.2,141.87,16.33M,0.32%
2025/3/18,142.74,146.38,146.87,142.5,20.95M,-3.27%
2025/3/17,147.57,140.16,148.43,140.03,33.90M,4.59%
2025/3/14,141.1,141.35,141.82,139.45,17.38M,1.99%
2025/3/13,138.35,134.77,140.28,134.34,20.52M,0.88%
2025/3/12,137.14,138.4,138.95,135.28,23.88M,-1.35%
2025/3/11,139.02,138.16,141.33,136.04,29.09M,4.89%
2025/3/10,132.54,135.99,137.95,131,33.48M,-5.75%
2025/3/7,140.62,142.92,145.36,139.38,31.90M,0.48%
2025/3/6,139.95,142.2,144.76,138.09,35.48M,-0.77%
2025/3/5,141.03,134.37,141.83,133.34,37.28M,8.61%
2025/3/4,129.85,129.6,132.1,126.1,25.37M,-0.73%
2025/3/3,130.81,134.01,134.71,129.56,22.53M,-1.28%
2025/2/28,132.51,130.95,133.95,130.14,24.86M,-2.96%
2025/2/27,136.55,138.68,140.1,135.87,23.86M,-1.82%
2025/2/26,139.08,140,141.95,138.29,40.67M,3.78%
2025/2/25,134.01,132.79,134.47,130.75,38.88M,3.85%
2025/2/24,129.04,135.8,135.8,128.44,74.12M,-10.23%
2025/2/21,143.75,141.6,145.3,141.1,73.89M,5.72%
2025/2/20,135.97,137.81,144.51,131.41,118.85M,8.09%
2025/2/19,125.79,126,127.7,124.95,35.16M,-0.87%
2025/2/18,126.9,127.74,129.02,125.61,42.15M,1.74%
2025/2/14,124.73,126.59,126.8,120.5,52.73M,4.34%
2025/2/13,119.54,115.33,119.57,114.76,34.43M,1.02%
2025/2/12,118.33,115.82,119.81,114.96,44.02M,4.92%
2025/2/11,112.78,113.96,115.54,111,55.00M,1.31%
2025/2/10,111.32,107.32,111.65,106.7,42.43M,7.55%
2025/2/7,103.51,104.46,107.51,103,39.54M,3.12%
2025/2/6,100.38,101.25,101.74,99.86,12.77M,1.11%
2025/2/5,99.28,100.17,101.82,99.03,17.02M,-3.00%
2025/2/4,102.35,100.59,103.61,99.68,29.88M,3.79%
2025/2/3,98.61,96.5,101.87,96.07,29.28M,-0.23%
2025/1/31,98.84,102,102.5,98,36.50M,-3.80%
2025/1/30,102.74,97.3,103.67,97.14,45.93M,6.22%
2025/1/29,96.72,99.39,101.28,96.45,75.05M,0.72%
2025/1/28,96.03,90.94,96.43,89.9,31.30M,6.71%
2025/1/27,89.99,90.59,91.43,89.22,26.00M,0.95%
2025/1/24,89.14,86.71,89.19,86.48,18.79M,3.53%
2025/1/23,86.1,85.8,86.2,84.96,9.23M,-0.35%
2025/1/22,86.4,85,86.54,84.42,10.35M,1.19%
2025/1/21,85.38,86.87,86.9,84.92,17.10M,0.31%
2025/1/17,85.12,83.2,85.59,83.03,21.13M,3.26%
2025/1/16,82.43,82.02,82.59,81.82,7.57M,-0.01%
2025/1/15,82.44,82.63,82.79,82.15,11.66M,0.93%
2025/1/14,81.68,82.39,82.65,81.49,8.77M,1.42%
2025/1/13,80.54,80.15,81.08,80.06,10.73M,0.01%
2025/1/10,80.53,82.25,82.25,80.4,15.39M,-3.78%
2025/1/8,83.69,83.09,83.79,82.72,9.66M,-0.94%
2025/1/7,84.48,84.31,85.11,83.78,11.14M,-1.22%
2025/1/6,85.52,86.55,87.36,85.08,18.08M,-0.02%
2025/1/3,85.54,85.1,85.55,84.76,7.69M,0.69%
2025/1/2,84.95,84.39,85.43,84.2,10.64M,0.19%
2024/12/31,84.79,84.42,85.35,84.42,7.41M,0.78%
2024/12/30,84.13,84.17,84.95,83.53,10.73M,-1.09%
2024/12/27,85.06,84.89,85.27,84.29,8.63M,-1.18%
2024/12/26,86.08,85.72,87.27,85.56,12.02M,0.65%
2024/12/24,85.52,85.7,85.89,85,5.24M,0.45%
2024/12/23,85.14,82.85,85.31,82.77,20.06M,3.48%
2024/12/20,82.28,82.21,83,81.7,21.27M,-2.41%
2024/12/19,84.31,85,85.39,84.24,13.80M,-0.81%
2024/12/18,85,86.39,87.22,84.83,11.32M,-2.47%
2024/12/17,87.15,85.5,87.6,85.4,13.29M,1.27%
2024/12/16,86.06,85.96,86.92,85.87,13.22M,-2.00%
2024/12/13,87.82,88.19,88.39,87.24,11.61M,-1.58%
2024/12/12,89.23,89.04,90,88.49,9.95M,0.28%
2024/12/11,88.98,88.89,89.17,88,9.87M,-0.95%
2024/12/10,89.83,89.79,90.56,89.5,13.86M,-2.70%
2024/12/9,92.32,92.01,94.12,91.83,32.77M,7.44%
2024/12/6,85.93,86.01,86.69,85.9,11.75M,2.12%
2024/12/5,84.15,84.79,85.1,83.93,12.98M,-0.92%
2024/12/4,84.93,85.95,85.99,84.27,13.61M,-0.88%
2024/12/3,85.68,86,86.64,85.38,13.66M,-0.31%
2024/12/2,85.95,86.94,87,85.27,16.54M,-1.63%
2024/11/29,87.37,86.42,87.49,85.97,7.55M,0.90%
2024/11/27,86.59,86.97,87.54,86.47,13.61M,1.66%
2024/11/26,85.18,85.82,86.08,84.86,10.24M,-0.47%
2024/11/25,85.58,84.25,85.88,83.75,15.12M,2.95%
2024/11/22,83.13,83.6,83.68,82.64,25.00M,-2.86%
2024/11/21,85.58,86.98,87.04,85.44,15.87M,-1.37%
2024/11/20,86.77,87.04,87.54,86.5,15.17M,-0.39%
2024/11/19,87.11,87.16,87.94,86.82,19.29M,-2.51%
2024/11/18,89.35,88.9,89.5,87.85,13.51M,0.86%
2024/11/15,88.59,90.2,90.7,87.23,31.02M,-2.20%
2024/11/14,90.58,90.89,91.56,90.01,16.95M,-1.54%
2024/11/13,92,92.55,92.87,91.28,12.87M,0.24%
2024/11/12,91.78,92.68,93.33,91.03,21.64M,-3.81%
2024/11/11,95.42,96.16,96.8,95.04,12.56M,1.31%
2024/11/8,94.19,96.11,96.38,93.69,24.88M,-5.94%
2024/11/7,100.14,99.26,101.1,99.18,16.34M,3.53%
2024/11/6,96.73,95.8,97.32,94.76,18.16M,-2.50%
2024/11/5,99.21,99.97,101.09,98.96,10.80M,0.82%
2024/11/4,98.4,98.82,99.88,98.36,8.68M,0.84%
2024/11/1,97.58,98.22,98.3,97.42,8.50M,-0.41%
2024/10/31,97.98,97.8,98.1,96.75,8.38M,-0.73%
2024/10/30,98.7,98.21,99.8,97.58,10.18M,-1.13%
2024/10/29,99.83,101.45,101.45,99.53,13.69M,-0.10%
2024/10/28,99.93,99.03,101.05,98.78,16.04M,2.58%
2024/10/25,97.42,98.3,98.9,97.05,16.98M,1.10%
2024/10/24,96.36,96.79,97.41,95.52,13.60M,-1.67%
2024/10/23,98,100.17,100.22,97.74,13.64M,-2.45%
2024/10/22,100.46,100.01,101.89,99.8,20.65M,-0.45%
2024/10/21,100.91,100.47,101.65,100.11,10.33M,-1.48%
2024/10/18,102.43,103.36,103.36,101.66,20.82M,2.36%
2024/10/17,100.07,101.25,101.45,99.55,15.81M,-2.06%
2024/10/16,102.17,102.5,103.85,101.78,16.43M,0.32%
2024/10/15,101.84,103.99,104.41,101.64,28.94M,-5.54%
2024/10/14,107.81,108.31,110.08,106.92,21.35M,-2.12%
2024/10/11,110.14,108.05,111.05,107.22,18.04M,0.79%
2024/10/10,109.28,108.98,110.84,107.48,19.74M,1.29%
2024/10/9,107.89,105.8,109.38,105.62,28.79M,-1.63%
2024/10/8,109.68,110.1,110.76,108.04,37.41M,-6.67%
2024/10/7,117.52,117.45,117.82,113.37,38.40M,2.61%
2024/10/4,114.53,115.67,115.73,113.75,25.70M,1.50%
2024/10/3,112.84,110.9,114.09,110.63,29.27M,-2.09%
2024/10/2,115.25,115.31,116.57,112.22,53.73M,2.23%
2024/10/1,112.74,106.42,112.79,106.15,44.51M,6.24%
2024/9/30,106.12,111.72,112.22,106.11,58.70M,-1.13%
2024/9/27,107.33,105.97,109.43,105.73,50.08M,2.15%
2024/9/26,105.07,102.69,105.97,101.76,67.26M,10.07%
2024/9/25,95.46,94.38,96.18,94.06,18.82M,-1.78%
2024/9/24,97.19,96.07,97.5,94.4,47.42M,7.88%
2024/9/23,90.09,89.47,91.15,89.32,19.74M,2.04%
2024/9/20,88.29,89.22,89.52,88.05,12.28M,-0.23%
2024/9/19,88.49,87.63,88.57,86.95,18.62M,4.82%
2024/9/18,84.42,84.85,85,84.04,7.86M,-0.33%
2024/9/17,84.7,84.82,85.77,84.63,10.11M,1.32%
2024/9/16,83.6,84.04,84.38,83.26,11.30M,-1.29%
2024/9/13,84.69,84.39,84.89,83.82,8.99M,-0.94%
2024/9/12,85.49,85.03,85.68,84.86,10.78M,0.80%
2024/9/11,84.81,83.57,84.84,83.5,11.55M,1.21%
2024/9/10,83.8,83.8,84.3,82.71,15.33M,2.90%
2024/9/9,81.44,80.93,81.63,80.32,10.43M,0.32%
2024/9/6,81.18,82.12,82.62,81.17,11.71M,-1.52%
2024/9/5,82.43,82.11,83.01,82,8.46M,-0.05%
2024/9/4,82.47,82.87,83.4,82.3,11.11M,0.24%
2024/9/3,82.27,81.78,83.02,81.7,11.64M,-1.28%
2024/8/30,83.34,84.72,84.75,82.58,20.03M,2.86%
2024/8/29,81.02,81.24,81.46,80.46,14.15M,1.76%
2024/8/28,79.62,81.13,81.28,79.21,14.02M,-2.25%
2024/8/27,81.45,82.27,82.65,81.27,9.03M,-0.38%
2024/8/26,81.76,81.89,82.31,80.37,29.32M,-4.27%
2024/8/23,85.41,84.9,85.79,84.36,17.32M,2.95%
2024/8/22,82.96,83.5,83.79,81.83,9.73M,-0.68%
2024/8/21,83.53,81.85,83.8,81.71,14.69M,3.07%
2024/8/20,81.04,82.46,82.6,80.78,17.88M,-3.42%
2024/8/19,83.91,83.98,84.9,83.49,14.75M,0.88%
2024/8/16,83.18,82.05,84.16,81.98,25.25M,4.58%
2024/8/15,79.54,77.9,81.88,77.74,31.62M,0.09%
2024/8/14,79.47,80.55,80.98,78.07,18.06M,-2.01%
2024/8/13,81.1,80.96,81.4,80.68,9.37M,0.23%
2024/8/12,80.91,80.59,81.5,80.23,12.13M,1.15%
2024/8/9,79.99,79.97,80.22,79.19,7.76M,-0.40%
2024/8/8,80.31,78.85,80.31,78.75,14.00M,3.19%
2024/8/7,77.83,78.92,78.94,77.46,9.69M,-0.09%
2024/8/6,77.9,76.51,78.85,76.51,12.13M,1.20%
2024/8/5,76.98,74.03,77.25,73.87,16.14M,-0.61%
2024/8/2,77.45,76.79,77.47,75.76,10.81M,-0.68%
2024/8/1,77.98,78.77,79.36,77.84,8.56M,-1.10%
2024/7/31,78.85,79.33,80.01,78.34,12.18M,1.09%
2024/7/30,78,78.22,78.79,77.7,8.43M,-0.79%
2024/7/29,78.62,78.46,79.4,78.21,17.36M,2.73%
2024/7/26,76.53,75.26,76.77,74.55,10.88M,1.50%
2024/7/25,75.4,75.37,76.21,75.13,8.17M,-0.53%
2024/7/24,75.8,76.15,77.06,75.72,7.92M,-0.39%
2024/7/23,76.1,75.68,76.32,75.44,8.00M,-0.70%
2024/7/22,76.64,76.83,77.19,76.26,9.17M,1.82%
2024/7/19,75.27,75.66,76.04,75.18,7.56M,-1.66%
2024/7/18,76.54,77.36,78.32,76.36,11.11M,-0.65%
2024/7/17,77.04,77.86,77.95,76.49,10.82M,-1.71%
2024/7/16,78.38,77.29,78.58,76.98,12.30M,0.47%
2024/7/15,78.01,78.09,78.6,77.45,12.61M,-2.06%
2024/7/12,79.65,80.3,81.01,79.43,14.86M,1.44%
2024/7/11,78.52,77.66,78.83,77.42,18.90M,3.30%
2024/7/10,76.01,75.28,76.65,75.25,12.24M,0.41%
2024/7/9,75.7,74.01,76.06,73.97,14.52M,2.99%
2024/7/8,73.5,73.61,73.71,72.95,10.92M,-1.37%
2024/7/5,74.52,74.67,74.71,73.61,14.93M,-1.39%
2024/7/3,75.57,74.18,75.81,74.18,11.77M,2.57%
2024/7/2,73.68,72.32,73.78,71.97,13.42M,2.08%
2024/7/1,72.18,72.51,73.02,72.02,9.03M,0.25%
2024/6/28,72,72.37,72.56,71.8,10.33M,-0.51%
2024/6/27,72.37,73.46,73.55,72.35,11.87M,-2.43%
2024/6/26,74.17,73.93,74.35,73.67,7.01M,0.51%
2024/6/25,73.79,74.5,74.76,73.61,16.99M,-1.34%
2024/6/24,74.79,74.12,75.93,74.12,20.13M,1.52%
2024/6/21,73.67,73.79,74.65,73.67,10.41M,-0.91%
2024/6/20,74.35,74.57,75.25,74.03,9.71M,-0.15%
2024/6/18,74.46,74.08,75.1,73.85,10.31M,-0.12%
2024/6/17,74.55,74.03,75.08,73.83,13.47M,1.64%
2024/6/14,73.35,74.21,74.29,73.26,18.28M,-3.08%
2024/6/13,75.68,76.5,76.99,75.49,14.03M,-2.20%
2024/6/12,77.38,78.08,78.12,76.98,12.07M,0.18%
2024/6/11,77.24,78.33,78.41,77.01,11.11M,-1.77%
2024/6/10,78.63,77.91,79.07,77.58,9.49M,1.14%
2024/6/7,77.75,78.28,78.65,77.47,12.19M,-2.00%
2024/6/6,79.33,78.75,79.38,78.09,11.21M,0.23%
2024/6/5,79.15,78.31,79.26,78.19,13.72M,1.76%
2024/6/4,77.79,77.52,78.19,77.12,10.78M,0.71%
2024/6/3,77.24,78.33,78.65,76.57,14.24M,-0.56%
2024/5/31,77.68,77.3,77.84,76.52,20.02M,-1.62%
2024/5/30,78.96,78.2,79.52,78.03,13.90M,0.72%
2024/5/29,78.39,78.09,78.69,77.57,18.45M,-1.89%
2024/5/28,79.9,80.12,81.03,79.36,15.21M,-0.84%
2024/5/24,80.57,79.82,81.86,79.06,41.46M,0.57%
2024/5/23,80.12,80.74,82.24,79.37,23.93M,-2.27%
2024/5/22,81.98,83.89,84.41,81.98,19.72M,-4.01%
2024/5/21,85.4,85.79,86.43,84.6,16.51M,-2.44%
2024/5/20,87.53,86.73,88.49,86.21,16.74M,-0.29%
2024/5/17,87.79,86.86,89.69,86.1,35.15M,2.12%
2024/5/16,85.97,81.27,86.75,80.96,47.26M,7.05%
2024/5/15,80.31,79.71,80.44,79.11,17.80M,1.86%
2024/5/14,78.84,78.98,79.83,77.06,44.69M,-6.02%
2024/5/13,83.88,82.01,84.28,81.9,32.01M,5.70%
2024/5/10,79.36,79.4,79.84,79.1,10.82M,0.73%
2024/5/9,78.79,78.83,79.24,78.04,9.63M,1.27%
2024/5/8,77.8,77.26,78.32,77.15,11.33M,-1.15%
2024/5/7,78.7,79.25,79.25,78.15,14.59M,-2.67%
2024/5/6,80.86,81.06,81.52,79.82,11.83M,0.27%
2024/5/3,80.64,80.58,80.68,79.03,19.36M,1.24%
2024/5/2,79.65,76.93,80.73,76.51,36.66M,6.38%
2024/5/1,74.87,74.36,75.61,74.24,10.57M,0.88%
2024/4/30,74.22,75.25,75.64,73.85,12.86M,-2.04%
2024/4/29,75.76,75.01,75.88,74.58,13.23M,1.14%
2024/4/26,74.91,75.54,76.28,74.43,14.22M,0.59%
2024/4/25,74.47,73.18,74.56,73.18,11.92M,0.64%
2024/4/24,74,73.12,74.07,72.88,16.38M,2.92%
2024/4/23,71.9,70.48,72.18,70.39,15.27M,2.59%
2024/4/22,70.08,69.11,70.3,68.54,15.02M,2.33%
2024/4/19,68.49,67.84,68.57,67.78,13.08M,0.28%
2024/4/18,68.3,68.51,69.04,68.22,9.49M,0.09%
2024/4/17,68.24,69.12,69.42,68.14,12.76M,-1.13%
2024/4/16,69.02,69.43,69.71,68.7,17.48M,-1.43%
2024/4/15,70.02,71.12,71.44,69.58,15.90M,-0.94%
2024/4/12,70.69,72.32,72.36,70.69,18.23M,-4.76%
2024/4/11,74.22,74.58,74.79,73.74,14.99M,0.35%
2024/4/10,73.96,73.82,74.53,73.12,20.57M,2.19%
2024/4/9,72.37,71.76,72.62,71.7,14.08M,1.78%
2024/4/8,71.1,71.35,71.78,70.95,10.56M,0.07%
2024/4/5,71.05,71.07,71.42,70.81,12.26M,-0.40%
2024/4/4,71.34,72.36,72.61,71.29,11.09M,-0.68%
2024/4/3,71.83,71.81,72.25,71.5,11.78M,-0.60%
2024/4/2,72.26,71.96,72.52,71.9,17.29M,-0.67%
2024/4/1,72.75,72.62,72.96,72.19,14.31M,1.40%
2024/3/28,71.75,71.47,71.98,71.45,14.07M,1.08%
2024/3/27,70.98,70.29,71.08,69.99,13.28M,0.15%
2024/3/26,70.88,71.23,71.26,70.49,10.88M,0.03%
2024/3/25,70.86,71.33,71.88,70.76,12.42M,-0.93%
2024/3/22,71.52,71.87,72.01,71.43,12.77M,-2.30%
2024/3/21,73.21,73.67,74.11,73.15,11.86M,-0.47%
2024/3/20,73.55,72.93,73.7,72.68,11.12M,1.04%
2024/3/19,72.8,72.46,73.11,72.23,8.16M,-0.14%
2024/3/18,72.9,72.8,73.39,72.71,8.54M,0.14%
2024/3/15,72.8,72.95,73.5,72.77,10.23M,0.03%
2024/3/14,72.78,74.6,74.75,72.61,18.92M,-3.91%
2024/3/13,75.74,75.3,76.8,75.3,15.32M,0.43%
2024/3/12,75.42,75.23,75.83,74.58,13.31M,1.60%
2024/3/11,74.23,74,75.42,73.92,13.51M,1.78%
2024/3/8,72.93,72.19,73.14,72.14,16.43M,1.39%
2024/3/7,71.93,71.99,72.14,71.15,12.37M,-1.59%
2024/3/6,73.09,73.57,74.09,72.99,19.79M,2.28%
2024/3/5,71.46,70.65,72.1,70.44,15.80M,0.10%
2024/3/4,71.39,73.11,73.11,71.09,19.55M,-3.51%
2024/3/1,73.99,73.85,74.45,73.74,11.98M,0.80%
2024/2/29,73.4,74.05,74.41,73.18,12.55M,-0.75%
2024/2/28,73.96,75.38,75.54,73.82,16.91M,-3.98%
2024/2/27,77.02,76.87,77.39,76.6,14.49M,1.53%
2024/2/26,75.86,74.98,75.92,74.7,13.97M,0.72%
2024/2/23,75.32,75.83,76.28,74.51,12.30M,-0.21%
2024/2/22,75.48,74.46,75.73,74.37,14.84M,0.71%
2024/2/21,74.94,73.85,75.74,73.44,23.53M,3.34%
2024/2/20,72.52,72.84,73.05,71.57,14.35M,-1.04%
2024/2/16,73.28,74.23,74.73,73.28,16.39M,0.12%
2024/2/15,73.2,72.6,73.51,72.47,12.08M,0.59%
2024/2/14,72.77,71.7,72.79,71.62,12.82M,2.50%
2024/2/13,70.99,71.35,72.41,70.82,13.56M,-2.11%
2024/2/12,72.52,71.7,73.5,71.7,18.15M,1.56%
2024/2/9,71.41,70.2,71.48,69.41,19.00M,1.75%
2024/2/8,70.18,71.28,72.58,70.05,33.07M,-3.88%
2024/2/7,73.02,73.92,75.53,72.53,53.77M,-5.87%
2024/2/6,77.57,76.39,77.68,75.09,39.36M,4.82%
2024/2/5,74,71.56,74.51,71.25,27.72M,3.87%
2024/2/2,71.24,71.52,71.62,70.45,18.82M,-0.84%
2024/2/1,71.85,72.54,72.85,71.51,14.45M,0.40%
2024/1/31,71.56,70.89,72.32,70.89,15.74M,-0.21%
2024/1/30,71.71,71.85,72.45,71.48,17.09M,-1.71%
2024/1/29,72.96,74.04,74.18,72.21,17.54M,-0.58%
2024/1/26,73.38,72.48,74.09,72.3,19.42M,0.22%
2024/1/25,73.23,74.55,74.86,72.94,23.27M,-1.80%
2024/1/24,74.56,74.65,74.98,73.59,36.50M,1.59%
2024/1/23,73.39,72.14,73.87,71.94,53.02M,7.85%
2024/1/22,68.05,66.71,68.16,66.07,27.29M,-1.14%
2024/1/19,68.83,66.63,69.31,66.35,34.55M,2.01%
2024/1/18,67.47,68.02,68.5,67.42,19.31M,-1.28%
2024/1/17,68.35,67.15,68.42,66.69,22.68M,-0.76%
2024/1/16,68.87,69.54,69.93,68.71,27.61M,-3.31%
2024/1/12,71.23,71.98,72.81,71.2,16.15M,-0.75%
2024/1/11,71.77,71.93,72.51,70.93,18.10M,1.36%
2024/1/10,70.81,70.78,71.17,70.44,19.54M,-0.85%
2024/1/9,71.41,70.65,71.51,70.36,21.45M,-1.18%
2024/1/8,72.26,70.65,72.44,70.32,22.00M,-0.18%
2024/1/5,72.39,73.37,73.37,72.24,21.73M,-2.21%
2024/1/4,74.03,74.92,75.08,73.81,18.45M,-2.52%
2024/1/3,75.94,73.7,76.04,73.44,24.44M,2.45%
2024/1/2,74.13,75.41,75.43,73.88,21.74M,-3.55%
2023/12/29,76.85,76.41,76.98,76.17,14.09M,0.35%
2023/12/28,76.59,76.58,77.13,76.33,18.94M,1.48%
2023/12/27,75.47,75.63,75.8,74.77,14.90M,0.34%
2023/12/26,75.21,75.52,76.32,75.09,13.12M,0.76%
2023/12/22,74.64,73.87,75.04,73.81,20.00M,-1.29%
2023/12/21,75.62,74.23,75.64,73.72,20.81M,3.97%
2023/12/20,72.73,73.95,74.66,72.71,27.54M,-2.71%
2023/12/19,74.75,73.77,75.37,73.59,20.94M,2.10%
2023/12/18,73.22,73.42,73.6,72.59,17.23M,-0.90%
2023/12/15,73.88,73.37,74.91,72.7,31.33M,2.76%
2023/12/14,71.9,70.87,72.62,70.82,25.20M,1.47%
2023/12/13,70.86,70.31,70.88,69.53,21.72M,0.10%
2023/12/12,70.79,70.78,71.35,70.33,14.73M,0.03%
2023/12/11,70.77,69.89,71,69.49,19.72M,-1.07%
2023/12/8,71.53,71.41,71.83,71.22,16.91M,-0.26%
2023/12/7,71.72,70.94,71.76,70.84,18.97M,1.17%
2023/12/6,70.89,71.75,72.33,70.89,30.39M,-1.23%
2023/12/5,71.77,71.43,72.09,71.31,19.13M,-0.89%
2023/12/4,72.41,72.06,72.96,71.87,21.07M,-1.30%
2023/12/1,73.36,72.5,73.51,71.51,28.00M,-1.19%
2023/11/30,74.25,74.07,74.31,73.38,17.88M,0.28%
2023/11/29,74.04,74.37,74.82,73.8,30.97M,-2.70%
2023/11/28,76.09,75.91,76.19,74.62,23.68M,-1.02%
2023/11/27,76.87,76.9,78.58,76.44,18.25M,-1.22%
2023/11/24,77.83,77.61,78.4,77.55,12.25M,-0.60%
2023/11/22,78.29,78.61,79.04,77.47,18.98M,0.03%
2023/11/21,78.27,77.19,78.6,76.94,20.53M,0.61%
2023/11/20,77.8,76.26,78.08,75.91,31.56M,1.11%
2023/11/17,76.94,76.37,77.8,76.1,35.58M,-1.91%
2023/11/16,78.44,78.85,80.09,77.57,63.01M,-9.14%
2023/11/15,86.33,86.22,87.09,85.16,28.99M,3.82%
2023/11/14,83.16,82.06,83.82,81.62,20.90M,1.96%
2023/11/13,81.56,82.05,82.61,81.39,11.24M,-0.59%
2023/11/10,82.05,81.71,82.17,80.97,9.80M,0.02%
2023/11/9,82.03,83.86,83.97,81.78,10.89M,-2.44%
2023/11/8,84.08,83.9,85,83.77,8.15M,-0.71%
2023/11/7,84.69,84.14,84.94,83.4,8.83M,0.06%
2023/11/6,84.64,85.82,85.99,84.51,9.79M,0.06%
2023/11/3,84.59,84.22,85.35,83.79,15.15M,2.28%
2023/11/2,82.7,82.94,83.27,82.33,10.61M,1.13%
2023/11/1,81.78,81.01,81.79,80.52,9.55M,-0.07%
2023/10/31,81.84,81.25,81.84,80.2,12.09M,-0.72%
2023/10/30,82.44,82.92,83.53,82.31,8.98M,0.39%
2023/10/27,82.12,83.16,83.41,81.78,10.80M,0.38%
2023/10/26,81.81,80.58,82.39,80.51,13.01M,1.83%
2023/10/25,80.34,80.61,81.31,80.1,11.39M,-2.22%
2023/10/24,82.17,79.77,82.62,79.76,17.93M,2.93%
2023/10/23,79.83,78.75,80.24,78.35,12.72M,0.71%
2023/10/20,79.26,79.55,80.18,79.11,14.64M,-2.05%
2023/10/19,80.92,80.79,81.7,80.43,12.62M,-1.69%
2023/10/18,82.31,82.26,83.02,82.06,9.32M,-1.07%
2023/10/17,83.2,82.05,83.65,81.86,8.27M,-0.47%
2023/10/16,83.6,82.99,84.25,81.93,10.08M,0.35%
2023/10/13,83.31,83.35,84.77,83.04,10.33M,-0.58%
2023/10/12,83.8,86.84,86.93,83.49,16.16M,-3.73%
2023/10/11,87.04,87.27,88.05,86.41,11.11M,0.70%
2023/10/10,86.43,84.95,87,84.85,13.56M,2.73%
2023/10/9,84.13,83.2,84.49,82.86,10.88M,-1.41%
2023/10/6,85.33,83.54,85.78,83.29,13.42M,2.86%
2023/10/5,82.96,82.81,83,81.75,10.33M,-0.49%
2023/10/4,83.37,83.56,83.83,82.94,8.90M,-0.54%
2023/10/3,83.83,83.79,84.28,83.24,11.45M,-2.30%
2023/10/2,85.8,86.02,86.37,85.16,8.21M,-0.24%
2023/9/29,86.01,86.55,87.21,85.87,9.65M,1.40%
2023/9/28,84.82,84.17,85.16,83.59,10.09M,-0.75%
2023/9/27,85.46,85.65,85.82,84.58,7.23M,0.33%
2023/9/26,85.18,85.73,86.33,84.98,9.67M,-1.50%
2023/9/25,86.48,85.15,86.53,85.04,9.90M,-1.22%
2023/9/22,87.55,86.63,88.12,86.37,22.47M,4.98%
2023/9/21,83.4,83.15,84.06,83.05,10.64M,-1.90%
2023/9/20,85.01,86.23,86.76,84.93,9.23M,-1.57%
2023/9/19,86.37,85.39,87.14,85.35,9.25M,0.10%
2023/9/18,86.28,85.42,86.43,84.67,9.29M,-0.06%
2023/9/15,86.33,87.03,87.47,86.09,10.15M,-1.06%
2023/9/14,87.26,87.8,87.85,86.7,8.64M,0.41%
2023/9/13,86.9,87.2,87.54,86.64,10.63M,-0.75%
2023/9/12,87.55,87.44,89.2,87.43,10.26M,-0.46%
2023/9/11,87.96,88.97,89.59,86.97,15.77M,-1.49%
2023/9/8,89.29,88.84,89.54,87.98,10.34M,0.09%
2023/9/7,89.21,90.86,90.98,88.2,18.67M,-4.74%
2023/9/6,93.65,93.35,94.99,93.33,10.12M,-0.21%
2023/9/5,93.85,93.73,94.59,93.27,10.10M,-0.38%
2023/9/1,94.21,93.75,95.86,93.72,17.47M,2.27%
2023/8/31,92.11,92.19,92.57,91.38,13.33M,-0.80%
2023/8/30,92.86,91.77,93.45,91.69,13.78M,-0.40%
2023/8/29,93.23,92.66,93.3,91.56,16.93M,1.94%
2023/8/28,91.46,90.73,91.99,90.52,14.61M,2.69%
2023/8/25,89.06,88.5,89.28,87.52,11.38M,0.80%
2023/8/24,88.36,89.72,90.15,88.29,10.68M,-0.81%
2023/8/23,89.08,87.62,89.82,87.56,12.19M,2.00%
2023/8/22,87.34,88.52,88.73,87.12,11.61M,-0.55%
2023/8/21,87.82,86.86,88.07,86.48,14.17M,0.61%
2023/8/18,87.29,87.04,87.61,86.13,20.42M,-2.89%
2023/8/17,89.88,91.16,91.17,89.5,15.73M,1.72%
2023/8/16,88.37,88.87,89.73,87.54,23.29M,-2.70%
2023/8/15,90.82,92.21,92.22,89.98,14.76M,-2.00%
2023/8/14,92.67,93.44,93.65,91.75,17.58M,-2.36%
2023/8/11,94.91,96.52,96.82,93.54,25.22M,-3.52%
2023/8/10,98.37,97.48,100.98,96.3,53.19M,4.60%
2023/8/9,94.05,95.21,95.49,93.28,18.64M,0.67%
2023/8/8,93.42,92.72,93.68,92.14,13.50M,-2.42%
2023/8/7,95.74,96.95,96.97,94.23,13.89M,-0.35%
2023/8/4,96.08,96.91,97.66,95.87,13.48M,-0.70%
2023/8/3,96.75,95.89,97.66,95.76,15.46M,2.64%
2023/8/2,94.27,96.89,96.91,93.76,19.45M,-5.02%
2023/8/1,99.25,99.03,100.3,98.46,14.42M,-2.02%
2023/7/31,101.3,98.95,101.63,98.88,17.73M,1.60%
2023/7/28,99.7,97.24,100.36,97.13,31.96M,5.35%
2023/7/27,94.63,96.92,97.16,94.36,18.69M,-1.75%
2023/7/26,96.32,94.15,96.72,94.04,15.83M,2.27%
2023/7/25,94.18,97.34,97.66,93.81,25.83M,-1.42%
2023/7/24,95.54,91.29,96.64,90.53,33.38M,4.54%
2023/7/21,91.39,92.1,92.44,90.77,13.90M,0.29%
2023/7/20,91.12,90.91,92.33,90.58,14.75M,-0.21%
2023/7/19,91.31,92.78,93.91,91.31,17.23M,0.98%
2023/7/18,90.43,90.77,91.43,89.39,20.25M,-2.37%
2023/7/17,92.62,91.47,92.76,90.27,17.32M,-1.22%
2023/7/14,93.76,94.41,95.28,93.44,18.90M,-2.12%
2023/7/13,95.79,94.23,96.18,93.8,24.02M,2.78%
2023/7/12,93.21,93.31,94.23,91.77,24.16M,2.41%
2023/7/11,91.01,90.25,91.54,88.26,20.77M,1.36%
2023/7/10,89.79,89.29,91.26,88.84,25.40M,0.01%
2023/7/7,89.78,86.03,90.8,85.9,46.99M,8.00%
2023/7/6,83.13,82.42,83.24,81.94,12.94M,-0.55%
2023/7/5,83.59,83.27,83.97,82.12,11.20M,0.27%
2023/7/3,83.36,84.15,84.91,83.29,11.51M,0.86%
2023/6/30,82.65,82.53,83.52,82.31,12.17M,-0.24%
2023/6/29,82.84,82.68,83.28,82.3,13.36M,-1.23%
2023/6/28,83.87,85.02,85.02,83.67,14.11M,-2.92%
2023/6/27,86.39,86.09,86.87,85.98,13.99M,1.94%
2023/6/26,84.75,84.6,85.98,84.49,10.81M,0.65%
2023/6/23,84.2,85.08,85.21,83.66,14.91M,-2.27%
2023/6/22,86.16,86.05,86.58,84.6,10.27M,0.14%
2023/6/21,86.04,86.64,88.41,85.89,15.16M,-1.32%
2023/6/20,87.19,89.07,89.44,86.58,23.38M,-4.53%
2023/6/16,91.32,93.21,93.49,90.75,25.09M,-0.11%
2023/6/15,91.42,90.69,91.99,89.83,26.57M,3.18%
2023/6/14,88.6,87.23,89.36,86.97,21.52M,2.11%
2023/6/13,86.77,87.22,88.47,86.51,16.81M,1.92%
2023/6/12,85.13,85.28,86.55,84.91,11.58M,0.42%
2023/6/9,84.78,85.33,86.1,84.35,12.90M,-0.74%
2023/6/8,85.41,84.45,86.21,84.45,11.28M,1.01%
2023/6/7,84.56,85,86.21,84.37,12.89M,-1.64%
2023/6/6,85.97,82.79,86.32,82.66,18.45M,2.73%
2023/6/5,83.69,83.28,83.85,82.54,9.59M,0.15%
2023/6/2,83.56,84.36,85.3,83.43,17.62M,1.53%
2023/6/1,82.3,78.68,83.29,78.68,23.22M,4.34%
2023/5/31,78.88,78.91,78.99,77.11,16.21M,1.12%
2023/5/30,78,79.44,80.02,77.51,21.21M,-2.84%
2023/5/26,80.29,79.22,80.88,77.74,16.42M,2.78%
2023/5/25,78.11,79.91,80.03,77.46,21.81M,-2.99%
2023/5/24,80.52,81.47,81.9,80.2,17.05M,-2.01%
2023/5/23,82.18,83.45,84.26,82,19.92M,-3.74%
2023/5/22,85.37,84.95,86.74,84.93,16.95M,2.52%
2023/5/19,83.27,83.14,84.48,82.77,21.57M,-2.09%
2023/5/18,85.04,90.04,90.23,84.28,60.26M,-5.41%
2023/5/17,89.91,87.71,90.66,87.27,27.67M,2.16%
2023/5/16,88.01,86.37,88.61,86.32,18.18M,0.48%
2023/5/15,87.59,86.39,87.65,85.11,23.69M,3.52%
2023/5/12,84.62,85.98,85.98,84.04,19.04M,-2.90%
2023/5/11,87.15,84.71,87.73,84.1,28.10M,5.96%
2023/5/10,82.25,81.45,83.79,81.08,16.87M,0.89%
2023/5/9,81.52,79.86,81.96,79.47,13.46M,-1.31%
2023/5/8,82.61,82.92,82.99,81.64,17.39M,0.11%
2023/5/5,82.52,82.05,82.67,81.34,17.53M,0.88%
2023/5/4,81.79,81.69,82.43,81.11,23.77M,1.24%
2023/5/3,80.79,80.62,81.31,79.81,17.76M,-0.06%
2023/5/2,80.84,82.45,82.58,79.97,20.69M,-3.12%
2023/5/1,83.45,83.44,84.56,83.06,12.91M,-0.63%
2023/4/28,83.97,83.47,84.36,83.16,18.11M,0.26%
2023/4/27,83.76,82.37,83.92,81.94,24.51M,1.99%
2023/4/26,82.12,84.32,84.5,82.06,24.98M,-0.12%
2023/4/25,82.22,84.6,84.98,81.52,36.44M,-4.57%
2023/4/24,86.16,87.65,87.73,85.31,22.76M,-2.51%
2023/4/21,88.38,89.2,89.43,87.55,23.10M,-1.77%
2023/4/20,89.97,92.56,93,89.29,25.53M,-2.94%
2023/4/19,92.7,93.8,94.02,92.16,18.99M,-2.09%
2023/4/18,94.68,98.18,98.33,94.38,20.67M,-0.96%
2023/4/17,95.6,95.92,96.41,94.68,15.71M,1.98%
2023/4/14,93.75,94.82,95.31,93.05,14.10M,-1.68%
2023/4/13,95.36,95.06,96.37,94.29,24.23M,2.48%
2023/4/12,93.05,96.99,98.05,92.79,35.52M,-5.93%
2023/4/11,98.92,101.59,101.67,98.36,19.02M,-1.75%
2023/4/10,100.68,99.77,101.96,99.74,16.31M,-1.17%
2023/4/6,101.87,97.7,102.37,97.44,26.85M,4.25%
2023/4/5,97.72,98.4,99.6,96.83,20.12M,-2.15%
2023/4/4,99.87,98.1,100.61,96.44,26.87M,2.37%
2023/4/3,97.56,100.04,100.89,96.78,26.89M,-3.71%
2023/3/31,101.32,101.99,102.72,100.28,28.38M,-1.16%
2023/3/30,102.51,100.48,104.16,99.65,57.78M,3.46%
2023/3/29,99.07,96.76,100.47,95.47,53.70M,1.54%
2023/3/28,97.57,94.54,98.67,91.28,118.88M,14.26%
2023/3/27,85.39,86.39,87.47,84.78,18.26M,-0.90%
2023/3/24,86.17,85.14,87.36,84.91,20.35M,0.44%
2023/3/23,85.79,86.94,87.63,84.54,26.86M,3.43%
2023/3/22,82.94,84.12,84.67,82.8,21.20M,-0.06%
2023/3/21,82.99,81.76,83.38,81.31,16.53M,3.33%
2023/3/20,80.31,79.47,81.21,78.81,19.54M,-0.82%
2023/3/17,80.98,83.29,83.45,79.94,23.71M,-0.67%
2023/3/16,81.52,80.77,81.78,79.98,22.92M,0.87%
2023/3/15,80.82,80.86,81.84,79.47,21.03M,-2.79%
2023/3/14,83.14,82.16,83.2,81.47,20.13M,1.15%
2023/3/13,82.2,82.31,83.05,81.28,17.85M,-0.07%
2023/3/10,82.26,81.94,83.81,81.63,18.12M,-0.49%
2023/3/9,82.66,84.4,84.97,82.17,24.33M,-4.12%
2023/3/8,86.21,86.65,87.03,85.72,14.72M,-2.01%
2023/3/7,87.98,88.76,89.29,87.45,14.51M,-0.99%
2023/3/6,88.86,88.83,90.53,87.29,16.98M,-0.09%
2023/3/3,88.94,89.35,89.69,87.65,25.83M,-0.06%
2023/3/2,88.99,88.21,90.15,87.23,25.69M,-0.22%
2023/3/1,89.19,92.13,92.13,88.97,35.43M,2.46%
2023/2/28,87.05,87.71,88.58,86.53,24.60M,-1.64%
2023/2/27,88.5,90.08,90.47,88.14,25.84M,0.28%
2023/2/24,88.25,89.31,90.9,87.29,36.17M,-5.48%
2023/2/23,93.36,99.25,99.62,91.35,40.48M,-0.65%
2023/2/22,93.98,94.77,95.08,92.76,24.48M,-0.34%
2023/2/21,94.3,95.68,96.8,93.9,27.17M,-4.91%
2023/2/17,99.16,100.15,100.24,98.41,18.12M,-3.01%
2023/2/16,102.24,101.84,103.64,101.17,21.75M,0.03%
2023/2/15,102.21,101.52,102.57,101.14,18.91M,-1.09%
2023/2/14,103.34,102.67,103.6,100.99,12.98M,-0.54%
2023/2/13,103.9,105.09,105.45,103.27,17.58M,1.10%
2023/2/10,102.77,104.91,105.74,101.92,18.78M,-4.43%
2023/2/9,107.54,107.58,108.88,106.84,16.28M,3.19%
2023/2/8,104.22,106.19,106.23,102.67,14.33M,-0.37%
2023/2/7,104.61,105.94,106.44,102.84,16.86M,0.05%
2023/2/6,104.56,102.94,105.38,102.35,15.34M,-0.83%
2023/2/3,105.43,107.14,108.6,104.92,15.98M,-3.11%
2023/2/2,108.81,111.55,111.57,106.9,23.40M,-2.73%
2023/2/1,111.87,110.91,112.99,109.22,16.62M,2.38%
2023/1/31,109.27,108.49,111.13,107.89,15.33M,-0.90%
2023/1/30,110.26,110.75,112.19,108.85,21.92M,-6.07%
2023/1/27,117.38,118.68,118.7,115.82,18.03M,-1.82%
2023/1/26,119.55,119.98,120.27,117.76,11.17M,0.27%
2023/1/25,119.23,117.51,119.3,116.51,9.70M,0.68%
2023/1/24,118.43,114.03,118.99,114.03,7.81M,-0.08%
2023/1/23,118.52,118.99,119.28,117.14,13.59M,-0.28%
2023/1/20,118.85,117.3,119.04,116.8,18.34M,2.81%
2023/1/19,115.59,113.06,116.01,113.01,18.49M,2.97%
2023/1/18,112.26,115.76,115.76,112.08,15.35M,-1.71%
2023/1/17,114.22,114.54,116.02,113.37,16.95M,-1.56%
2023/1/13,116.02,113.55,116.98,113.13,25.62M,3.41%
2023/1/12,112.19,112.7,112.83,110.51,16.59M,-1.63%
2023/1/11,114.05,113.63,114.24,111.36,22.80M,0.12%
2023/1/10,113.91,112.01,114.5,110.27,33.48M,3.65%
2023/1/9,109.89,111.04,112.15,107.21,42.09M,3.19%
2023/1/6,106.49,103.23,107.09,101.59,21.07M,2.70%
2023/1/5,103.7,100.54,104.81,99.79,30.40M,0.64%
2023/1/4,103.04,98.01,103.64,96.15,53.29M,12.98%
2023/1/3,91.2,90.34,93.65,89.98,27.89M,4.42%
2022/12/30,87.35,86.71,88.65,86.67,11.93M,-1.17%
2022/12/29,88.38,86.88,88.76,86.32,12.54M,2.21%
2022/12/28,86.46,88.23,89.39,85.73,16.27M,-2.96%
2022/12/27,89.1,85.82,89.92,85.48,22.96M,4.92%
2022/12/23,84.93,87.11,87.9,84.8,17.95M,-2.64%
2022/12/22,87.23,88.33,88.93,85.94,16.00M,0.18%
2022/12/21,87.07,85.28,87.64,84.74,18.21M,2.20%
2022/12/20,85.19,84.32,86.46,84.32,15.32M,-1.42%
2022/12/19,86.42,88.99,89.02,85.77,20.74M,0.43%
2022/12/16,86.06,88.05,89.8,85.88,25.08M,0.67%
2022/12/15,85.48,92.3,93.28,85.32,30.42M,-5.17%
2022/12/14,90.14,90.29,90.49,88.74,15.58M,-0.55%
2022/12/13,90.64,92.66,94.18,89.54,21.15M,2.24%
2022/12/12,88.65,89.33,90.12,87.01,15.19M,-2.11%
2022/12/9,90.57,92.48,92.96,90.45,15.45M,-3.01%
2022/12/8,93.37,91.19,93.54,90.31,29.24M,6.61%
2022/12/7,87.58,86.32,88.5,85.89,19.51M,-3.41%
2022/12/6,90.68,91.1,91.79,88.45,26.68M,1.03%
2022/12/5,89.75,92.11,92.11,88.87,30.93M,0.51%
2022/12/2,89.3,85.32,91.07,85.32,35.04M,4.79%
2022/12/1,85.21,83.64,86.86,83.55,20.24M,-1.85%
2022/11/30,86.82,82.04,88.87,81.55,60.17M,9.64%
2022/11/29,79.18,79.56,80.21,78.78,24.18M,5.25%
2022/11/28,75.24,74.11,76.76,74.05,19.12M,0.50%
2022/11/25,74.86,74.86,75.41,74.29,13.04M,-3.82%
2022/11/23,77.84,77.53,78.18,76.2,19.03M,3.30%
2022/11/22,75.35,74.8,76.15,73.95,20.69M,-1.22%
2022/11/21,76.28,78.02,78.39,75.82,19.01M,-4.41%
2022/11/18,79.8,81.46,81.82,79.18,29.53M,-4.49%
2022/11/17,83.55,75.36,84.96,75.12,62.05M,7.80%
2022/11/16,77.5,79.64,79.77,76.76,26.64M,-1.44%
2022/11/15,78.63,78.26,79.69,77.15,53.15M,11.17%
2022/11/14,70.73,72.54,73.37,70.72,30.31M,0.79%
2022/11/11,70.17,71.71,72.09,68.72,38.72M,1.43%
2022/11/10,69.18,67.45,69.4,67.42,28.76M,7.60%
2022/11/9,64.29,65.87,66.22,64.25,22.10M,-4.83%
2022/11/8,67.55,67.05,68.34,65.71,23.87M,-2.27%
2022/11/7,69.12,70.7,71.27,68.09,26.09M,-0.14%
2022/11/4,69.22,70.57,71.03,66.88,50.60M,7.05%
2022/11/3,64.66,62.88,66.31,62.86,23.36M,0.79%
2022/11/2,64.15,65.92,67.1,63.79,28.30M,-1.76%
2022/11/1,65.3,67.43,67.87,65.08,27.26M,3.59%
2022/10/31,63.04,62.95,64.3,62.69,20.65M,-0.25%
2022/10/28,63.2,62.67,63.61,61.3,28.64M,-3.19%
2022/10/27,65.28,64.89,67.31,64.87,25.81M,-3.90%
2022/10/26,67.93,62.82,69.21,62.39,53.06M,8.37%
2022/10/25,62.69,64.53,65.62,60.74,69.30M,0.11%
2022/10/24,62.62,62.85,63.56,57.52,101.02M,-12.51%
2022/10/21,71.57,70.6,72.17,68.88,19.53M,0.22%
2022/10/20,71.41,70.99,74.31,70.94,19.17M,1.05%
2022/10/19,70.67,72.66,73.7,69.92,23.09M,-6.64%
2022/10/18,75.69,77.35,77.97,74.43,14.97M,-0.56%
2022/10/17,76.12,74.51,77.21,74.47,14.49M,5.14%
2022/10/14,72.4,75.41,75.5,72.16,13.70M,-2.65%
2022/10/13,74.38,71.63,75.14,70.8,17.56M,-0.95%
2022/10/12,75.09,74.27,76.03,73.4,13.25M,0.48%
2022/10/11,74.73,76.73,77.18,73.51,18.39M,-4.88%
2022/10/10,78.57,79.1,79.12,77.04,14.07M,-2.46%
2022/10/7,80.55,81.65,83,80.07,11.63M,-3.65%
2022/10/6,83.61,83.36,84.53,82.81,11.58M,-0.08%
2022/10/5,83.68,83.39,85.56,82.55,13.19M,0.33%
2022/10/4,83.4,82.3,84.31,81.64,18.25M,4.55%
2022/10/3,79.77,79.09,80.24,77.39,13.25M,0.58%
2022/9/30,79.31,78.07,81.09,77.98,17.12M,1.18%
2022/9/29,78.39,77.39,78.52,76.09,17.91M,-2.38%
2022/9/28,80.31,75.84,80.79,75.63,20.73M,4.01%
2022/9/27,77.21,78.76,79.73,76.45,16.98M,-1.32%
2022/9/26,78.24,79.26,80.3,78.11,17.88M,0.14%
2022/9/23,78.13,78.59,79.1,76.94,20.49M,-2.37%
2022/9/22,80.03,81.93,82.58,79.49,19.14M,-1.09%
2022/9/21,80.91,84.4,84.44,80.81,23.85M,-4.90%
2022/9/20,85.07,87.21,87.98,84.29,19.13M,-2.12%
2022/9/19,86.92,84.38,87.02,84.28,12.82M,1.42%
2022/9/16,85.7,86.96,87.5,84.7,18.75M,-2.70%
2022/9/15,88.08,87.88,90.32,87.45,12.19M,-0.10%
2022/9/14,88.17,88.7,89.02,87.42,10.84M,-0.61%
2022/9/13,88.71,89.99,91.4,88.48,21.15M,-5.51%
2022/9/12,93.89,91.64,94.04,91.03,15.60M,2.77%
2022/9/9,91.36,90.28,92.11,89.95,10.76M,2.93%
2022/9/8,88.76,87.81,89.42,87.53,13.29M,-1.19%
2022/9/7,89.83,87.77,90.09,87.01,12.75M,2.43%
2022/9/6,87.7,88.56,88.71,87.06,15.57M,-3.65%
2022/9/2,91.02,90.99,92.88,90,12.38M,-2.04%
2022/9/1,92.92,91.97,93.72,90.89,11.93M,-1.78%
2022/8/31,94.6,95.84,97.79,94.12,16.17M,1.67%
2022/8/30,93.05,95.05,96.15,91.84,17.87M,-2.86%
2022/8/29,95.78,98.12,100.06,95.66,18.32M,-1.43%
2022/8/26,97.17,103.95,103.96,96.78,45.77M,-1.89%
2022/8/25,99.05,95.25,100.18,94.15,39.17M,7.97%
2022/8/24,91.74,87.16,93.35,86.81,22.81M,2.99%
2022/8/23,89.07,88.42,89.42,85.98,17.35M,-0.22%
2022/8/22,89.27,88.81,90.11,88.54,15.55M,0.45%
2022/8/19,88.87,89.65,90.87,88.43,12.36M,-2.06%
2022/8/18,90.74,90.05,91.93,88.52,13.42M,1.08%
2022/8/17,89.77,91.87,92.39,89.76,14.49M,-3.11%
2022/8/16,92.65,92.69,93.57,91.4,12.00M,-1.65%
2022/8/15,94.2,93.2,94.63,92.38,14.43M,-0.60%
2022/8/12,94.77,91.51,94.8,91.43,17.85M,-0.11%
2022/8/11,94.87,94.49,97.71,93.63,17.52M,2.64%
2022/8/10,92.43,91.17,92.95,88.56,17.86M,1.36%
2022/8/9,91.19,91.19,93.12,90.6,16.74M,0.39%
2022/8/8,90.84,91.47,92.75,90.34,16.19M,-1.86%
2022/8/5,92.56,93.07,94.17,90.73,27.21M,-5.00%
2022/8/4,97.43,101.07,103,95.06,42.52M,1.79%
2022/8/3,95.72,92,96.3,90.92,23.92M,3.35%
2022/8/2,92.62,88.2,94.87,88.2,34.43M,2.52%
2022/8/1,90.34,89.19,90.54,88,36.05M,1.09%
2022/7/29,89.37,94.22,94.22,89.11,59.20M,-11.12%
2022/7/28,100.55,101.92,102.68,95.62,33.88M,-2.17%
2022/7/27,102.78,102.2,102.97,99.8,19.37M,1.32%
2022/7/26,101.44,104.31,105.25,100.81,28.00M,0.38%
2022/7/25,101.06,100.5,101.27,98.74,16.60M,0.45%
2022/7/22,100.61,104.31,104.7,99.68,18.82M,-4.30%
2022/7/21,105.13,104.06,106.61,103.68,17.87M,1.13%
2022/7/20,103.96,106.24,107.16,102.85,21.90M,-0.75%
2022/7/19,104.75,103.97,104.82,101.53,19.84M,1.56%
2022/7/18,103.14,105.88,106.96,102.95,20.50M,0.68%
2022/7/15,102.44,103.49,103.64,97.84,33.57M,-1.27%
2022/7/14,103.76,107.8,108.54,100.71,35.31M,-4.89%
2022/7/13,109.1,106.84,110.64,106.75,16.86M,-0.10%
2022/7/12,109.21,110.86,111,107.06,22.32M,-0.33%
2022/7/11,109.57,115.46,115.58,109.33,31.30M,-9.37%
2022/7/8,120.9,122.26,125.84,120.7,27.22M,-1.22%
2022/7/7,122.39,120.63,125,120.63,24.20M,2.75%
2022/7/6,119.12,118.93,120,115.51,20.22M,-0.84%
2022/7/5,120.13,114.51,120.53,112.14,21.02M,3.56%
2022/7/1,116,113.63,116.63,112.92,16.68M,2.04%
2022/6/30,113.68,113.77,114.6,111.38,13.84M,-2.03%
2022/6/29,116.03,115.81,117.09,113.71,13.79M,-0.63%
2022/6/28,116.76,118.98,120.93,116.51,18.68M,-1.66%
2022/6/27,118.73,119.97,121.38,117.88,21.72M,0.94%
2022/6/24,117.62,115.3,118.09,114.3,27.03M,4.91%
2022/6/23,112.11,109.96,113.09,108.08,33.23M,6.62%
2022/6/22,105.15,104.23,107.1,103.08,24.26M,-1.17%
2022/6/21,106.39,105.96,107.06,103.87,33.97M,4.06%
2022/6/17,102.24,112.54,112.75,101.33,73.02M,0.78%
2022/6/16,101.45,102.79,104.91,100.51,22.36M,-6.09%
2022/6/15,108.03,106.81,108.63,104.38,24.03M,2.66%
2022/6/14,105.23,101.99,106.07,100.83,28.57M,6.81%
2022/6/13,98.52,103.61,104.53,97.58,36.40M,-10.31%
2022/6/10,109.84,113.66,114.82,108.24,49.90M,-0.05%
2022/6/9,109.9,115,118.22,109.44,72.64M,-8.13%
2022/6/8,119.62,108.26,121.06,107.81,92.34M,14.67%
2022/6/7,104.32,99.99,104.46,99.42,35.96M,5.36%
2022/6/6,99.01,99.64,102.42,97.92,37.29M,6.22%
2022/6/3,93.21,95.15,96,93.02,15.86M,-4.40%
2022/6/2,97.5,93.67,97.63,93.4,23.23M,4.41%
2022/6/1,93.38,95.9,96.93,91.88,23.73M,-2.78%
2022/5/31,96.05,98.33,99.32,95.45,33.79M,2.83%
2022/5/27,93.41,92.21,94.5,90.37,26.72M,-1.13%
2022/5/26,94.48,87.3,95.09,86.73,50.83M,14.79%
2022/5/25,82.31,83.72,84.07,81.07,22.86M,-0.19%
2022/5/24,82.47,84.99,85.12,81.54,15.11M,-5.46%
2022/5/23,87.23,87.06,87.42,84.76,13.67M,0.51%
2022/5/20,86.79,88.7,90.17,84.73,21.02M,-1.03%
2022/5/19,87.69,86.18,90.09,85.74,20.78M,0.44%
2022/5/18,87.31,90,91.64,87,18.90M,-5.09%
2022/5/17,91.99,92.75,94.48,89.54,27.04M,6.37%
2022/5/16,86.48,87.7,89.08,86.34,19.57M,-1.72%
2022/5/13,87.99,82.1,88.3,82.1,20.08M,8.51%
2022/5/12,81.09,80.68,83.12,78.01,23.67M,-0.78%
2022/5/11,81.73,85.51,87.52,81.47,24.45M,-3.36%
2022/5/10,84.57,88.64,88.64,83.51,23.24M,-0.32%
2022/5/9,84.84,86.96,88.6,84.43,23.34M,-5.79%
2022/5/6,90.05,93.36,93.86,88.71,18.57M,-4.85%
2022/5/5,94.64,97.94,98.47,94.05,18.67M,-6.68%
2022/5/4,101.41,97.72,101.57,96.61,17.62M,1.03%
2022/5/3,100.38,99.65,102.6,99.46,15.01M,-0.82%
2022/5/2,101.21,96.31,101.31,95.22,25.03M,4.24%
2022/4/29,97.09,101.53,103.52,96.66,44.93M,6.80%
2022/4/28,90.91,88.62,90.98,86.94,17.71M,2.93%
2022/4/27,88.32,85.32,89.41,84.78,29.35M,5.16%
2022/4/26,83.99,85.87,86.24,83.28,20.97M,-2.16%
2022/4/25,85.84,82.7,86.17,81.8,24.38M,-0.75%
2022/4/22,86.49,86.5,90.68,86.31,25.13M,0.58%
2022/4/21,85.99,89.55,90.01,85.4,25.56M,-3.83%
2022/4/20,89.41,93.48,93.7,89.27,20.81M,-4.37%
2022/4/19,93.5,92.29,93.95,90.95,23.76M,-1.28%
2022/4/18,94.71,93.77,95.28,91.82,19.08M,-0.82%
2022/4/14,95.49,97.29,99.27,95.31,20.93M,-4.54%
2022/4/13,100.03,99.24,101.35,98.21,17.86M,0.28%
2022/4/12,99.75,101.18,102.33,99.39,23.13M,-1.77%
2022/4/11,101.55,101.09,103.92,99.16,22.93M,-1.91%
2022/4/8,103.53,104.48,106.47,103.33,20.81M,-0.71%
2022/4/7,104.27,106.68,107.53,102.61,26.38M,-3.17%
2022/4/6,107.68,109.24,109.47,106.12,23.74M,-2.99%
2022/4/5,111,115,115,110.23,33.87M,-5.53%
2022/4/4,117.5,115.7,118.22,113.38,38.49M,6.62%
2022/4/1,110.2,117.62,118.95,109.75,55.87M,1.29%
2022/3/31,108.8,115.03,115.09,108.71,30.37M,-6.67%
2022/3/30,116.58,115.54,120.1,115.54,28.25M,-0.11%
2022/3/29,116.71,118.36,119.6,115.74,27.94M,1.41%
2022/3/28,115.09,113.86,116.23,111.92,30.03M,1.86%
2022/3/25,112.99,110.53,113.86,109.4,42.40M,-1.88%
2022/3/24,115.15,112.86,116.5,110.82,55.26M,-1.78%
2022/3/23,117.24,115.7,124.11,112.68,79.00M,1.96%
2022/3/22,114.99,114.01,118.24,112.37,87.37M,11.00%
2022/3/21,103.59,102.81,105.68,98.7,58.64M,-4.35%
2022/3/18,108.3,100.5,111.74,99.6,83.78M,7.90%
2022/3/17,100.37,99.14,101.89,95.77,79.90M,-4.39%
2022/3/16,104.98,92,105.74,87.12,156.75M,36.76%
2022/3/15,76.76,75.1,80.14,73.28,85.29M,-1.29%
2022/3/14,77.76,80.7,82.45,77.08,69.69M,-10.32%
2022/3/11,86.71,93.4,93.88,86.68,39.34M,-6.68%
2022/3/10,92.92,95.19,95.7,90.82,37.52M,-7.94%
2022/3/9,100.93,100.26,100.97,98.32,18.95M,3.52%
2022/3/8,97.5,99.32,100.91,95.57,21.50M,-1.18%
2022/3/7,98.66,99.56,103.36,98.6,20.33M,-1.93%
2022/3/4,100.6,100.29,104.39,99.33,24.59M,-1.42%
2022/3/3,102.05,106.03,106.63,101.07,21.41M,-3.20%
2022/3/2,105.42,107.39,107.39,103.24,19.17M,-1.56%
2022/3/1,107.09,105.85,111.25,105.85,21.14M,1.81%
2022/2/28,105.19,105.97,107.49,103.64,21.54M,-2.55%
2022/2/25,107.94,107.89,108.55,104,21.43M,-0.91%
2022/2/24,108.93,100.07,108.95,100.02,33.72M,-0.72%
2022/2/23,109.72,115.1,115.4,109.6,23.93M,-2.84%
2022/2/22,112.93,114,114.85,112.06,21.24M,-5.09%
2022/2/18,118.99,120.88,120.88,117.2,21.20M,-4.37%
2022/2/17,124.43,125,129.4,124.06,15.86M,-0.90%
2022/2/16,125.56,125.61,127.58,124.51,16.84M,-0.54%
2022/2/15,126.24,123.77,126.81,123.38,13.40M,3.54%
2022/2/14,121.92,120.56,122.38,119.37,13.10M,-0.27%
2022/2/11,122.25,125.33,126.72,121.94,13.89M,-1.40%
2022/2/10,123.98,124.11,128.34,123.4,14.80M,-1.99%
2022/2/9,126.5,123.09,126.8,121.94,18.16M,3.77%
2022/2/8,121.9,118.16,122.24,116.8,22.34M,6.17%
2022/2/7,114.82,116.1,116.55,113.6,27.69M,-6.05%
2022/2/4,122.22,121.27,123.94,119.66,13.54M,-1.01%
2022/2/3,123.47,121.55,125.27,120.73,15.05M,0.48%
2022/2/2,122.88,127.63,127.63,121.17,12.66M,-3.41%
2022/2/1,127.22,124.81,128,122.97,13.78M,1.14%
2022/1/31,125.79,118.17,125.87,117.5,20.20M,9.16%
2022/1/28,115.23,113.25,115.32,110.06,18.89M,3.08%
2022/1/27,111.79,113.11,114.54,110.27,21.27M,-1.39%
2022/1/26,113.37,120.93,120.93,112.96,27.22M,-4.84%
2022/1/25,119.14,119.91,122.46,118.04,21.95M,-1.02%
2022/1/24,120.37,119.32,120.78,115.32,27.41M,-2.32%
2022/1/21,123.23,128.23,128.96,122.52,26.34M,-5.95%
2022/1/20,131.03,135.77,136.75,130.68,28.24M,2.58%
2022/1/19,127.74,128.1,130.86,127.13,14.60M,-0.67%
2022/1/18,128.6,126.27,132.13,124.82,23.35M,-2.26%
2022/1/14,131.57,132.81,134.36,129.35,18.61M,0.15%
2022/1/13,131.37,135.2,135.92,131.3,19.34M,-4.40%
2022/1/12,137.41,136.02,138.7,135.59,25.70M,3.95%
2022/1/11,132.19,129.21,134.23,127.47,23.07M,3.03%
2022/1/10,128.3,131.99,132.6,126.23,21.74M,-1.16%
2022/1/7,129.81,130.24,133.88,128.18,38.11M,2.51%
2022/1/6,126.63,124.26,128.4,123.46,31.12M,4.51%
2022/1/5,121.16,118,126.62,117.7,35.24M,1.34%
2022/1/4,119.56,119.53,120.87,115.77,20.03M,-0.68%
2022/1/3,120.38,119.38,121.95,115.82,16.44M,1.34%
2021/12/31,118.79,121.23,122.91,118.59,24.29M,-3.41%
2021/12/30,122.99,112.63,124.3,112.3,45.13M,9.72%
2021/12/29,112.09,113.8,114.2,110.38,20.92M,-2.36%
2021/12/28,114.8,116.26,116.42,114.47,16.73M,-1.54%
2021/12/27,116.59,117.8,121.8,116.1,17.59M,-1.74%
2021/12/23,118.66,116.8,119.59,115.39,17.56M,0.72%
2021/12/22,117.81,117.09,118.66,115.15,24.38M,-4.20%
2021/12/21,122.98,116.85,122.98,116.6,17.69M,6.94%
2021/12/20,115,118.5,118.83,113.69,23.52M,-5.81%
2021/12/17,122.1,119.49,122.87,117.81,19.78M,1.54%
2021/12/16,120.25,122.32,125.69,118.9,20.20M,-1.81%
2021/12/15,122.47,122.63,123.59,117.77,24.19M,-3.25%
2021/12/14,126.58,120.93,127.65,120.3,17.14M,3.55%
2021/12/13,122.24,123,123.25,119.75,15.08M,-2.25%
2021/12/10,125.06,123.22,125.21,122.78,15.01M,0.93%
2021/12/9,123.91,124.63,127.76,123.21,19.68M,-0.94%
2021/12/8,125.08,123.21,126.97,121.32,21.86M,-0.37%
2021/12/7,125.54,129.3,129.45,123.46,38.42M,1.57%
2021/12/6,123.6,113.64,123.82,113.43,41.80M,10.40%
2021/12/3,111.96,118,118.19,108.7,70.27M,-8.23%
2021/12/2,122,123.02,125,119.34,32.20M,-0.40%
2021/12/1,122.49,128.37,129.15,121.9,29.07M,-3.95%
2021/11/30,127.53,129.9,131.32,126.13,32.19M,-3.10%
2021/11/29,131.61,134.25,134.55,130.55,18.58M,-1.30%
2021/11/26,133.35,132.93,133.98,131.22,14.80M,-2.32%
2021/11/24,136.52,133.1,136.76,131.22,20.01M,2.14%
2021/11/23,133.66,136.03,136.85,133.31,23.98M,-2.17%
2021/11/22,136.62,139.9,140.7,135.21,26.02M,-2.65%
2021/11/19,140.34,143.04,145.06,140,28.58M,-2.27%
2021/11/18,143.6,146.91,148.5,141.89,61.57M,-11.13%
2021/11/17,161.58,168.02,168.3,161.13,17.79M,-4.07%
2021/11/16,168.43,168.6,169.94,166.67,11.75M,1.13%
2021/11/15,166.54,167.22,168.46,165.67,9.57M,-0.16%
2021/11/12,166.81,165.17,167.8,163.4,13.74M,-0.62%
2021/11/11,167.85,166.56,169.63,166.56,16.66M,2.37%
2021/11/10,163.97,163.68,166.48,161.82,17.11M,2.36%
2021/11/9,160.19,162.16,164.48,159.54,13.92M,-1.21%
2021/11/8,162.16,161.76,162.16,159.48,15.32M,2.16%
2021/11/5,158.73,164.79,164.79,158.3,22.10M,-3.68%
2021/11/4,164.79,169.28,169.94,164.5,16.11M,-0.87%
2021/11/3,166.24,165.36,166.65,163.11,13.36M,2.05%
2021/11/2,162.9,167.1,167.1,162.76,18.75M,-4.27%
2021/11/1,170.17,165.84,171.9,165.8,17.46M,3.17%
2021/10/29,164.94,167.07,168.56,162.72,17.16M,-2.86%
2021/10/28,169.79,168.49,170.35,166.77,12.20M,0.33%
2021/10/27,169.23,167.53,172.45,167.34,11.59M,-0.45%
2021/10/26,169.99,174.48,174.9,167.48,17.46M,-3.51%
2021/10/25,176.17,177.86,178.28,173.83,13.03M,-0.86%
2021/10/22,177.7,179.08,182.09,175.81,20.81M,0.16%
2021/10/21,177.42,177,179.78,176.71,13.23M,0.14%
2021/10/20,177.18,180.95,182.09,176.13,33.51M,0.10%
2021/10/19,177,170.6,177.44,170.45,33.02M,6.10%
2021/10/18,166.82,166.58,169.25,166.58,18.70M,-0.70%
2021/10/15,168,166.99,169.8,165.43,20.76M,0.73%
2021/10/14,166.78,168.26,168.99,164.46,17.32M,-0.37%
2021/10/13,167.4,164.38,168.26,163.6,18.60M,2.70%
2021/10/12,163,163.82,165.73,162.24,22.26M,-0.58%
2021/10/11,163.95,169.61,169.8,163.95,41.83M,1.50%
2021/10/8,161.52,159.86,162.78,157.91,33.50M,3.54%
2021/10/7,156,151.05,158.29,150.75,45.81M,8.26%
2021/10/6,144.1,140.56,144.89,139.96,14.69M,0.67%
2021/10/5,143.14,139.38,143.83,139.19,14.03M,2.51%
2021/10/4,139.63,141.7,141.9,138.43,23.82M,-3.17%
2021/10/1,144.2,147.09,148.45,143.34,20.21M,-2.60%
2021/9/30,148.05,147.03,149.58,146.86,14.14M,0.32%
2021/9/29,147.58,150.46,152.1,147.48,17.08M,-3.16%
2021/9/28,152.39,152.16,153.73,148.86,26.14M,1.47%
2021/9/27,150.18,144.92,150.99,144.44,23.84M,3.52%
2021/9/24,145.08,147.71,148,144.57,32.07M,-4.04%
2021/9/23,151.19,152.58,152.68,149.61,24.63M,-0.46%
2021/9/22,151.89,151.47,154,151.02,19.44M,1.14%
2021/9/21,150.18,151.58,152.58,149.57,19.38M,-0.86%
2021/9/20,151.49,154.4,155.14,149.09,34.95M,-5.35%
2021/9/17,160.05,158.48,160.38,158.09,25.54M,2.43%
2021/9/16,156.26,154.92,157.64,153.67,24.30M,-1.01%
2021/9/15,157.86,157.95,158.03,153.92,31.66M,-1.43%
2021/9/14,160.15,162.86,163.07,159.48,20.54M,-3.18%
2021/9/13,165.41,164.49,166.86,163.02,15.39M,-1.60%
2021/9/10,168.1,171.2,171.64,167.61,15.06M,0.47%
2021/9/9,167.32,167.3,169.04,165.58,17.18M,-1.99%
2021/9/8,170.71,174.25,174.37,169.26,18.89M,-2.54%
2021/9/7,175.16,174.15,176.84,173.37,23.82M,2.85%
2021/9/3,170.3,169.52,172.06,168.88,16.44M,-0.99%
2021/9/2,172,178.01,178.18,171.67,29.24M,-0.74%
2021/9/1,173.28,169.56,174.79,169.33,29.43M,3.77%
2021/8/31,166.99,167.7,169,166.14,24.52M,2.90%
2021/8/30,162.29,160.17,163.29,158.23,23.69M,1.77%
2021/8/27,159.47,159.99,161.77,158.55,31.72M,-3.49%
2021/8/26,165.24,167.46,168.45,164.82,18.68M,-2.28%
2021/8/25,169.1,168.7,169.61,166.08,25.92M,-1.51%
2021/8/24,171.7,169.04,174.15,168.16,62.45M,6.61%
2021/8/23,161.06,159.28,161.47,152.8,88.15M,1.96%
2021/8/20,157.96,164.12,166.93,155.5,75.95M,-1.61%
2021/8/19,160.55,166.7,167.26,159.51,61.97M,-6.85%
2021/8/18,172.35,174.1,175.36,172.11,30.91M,-0.79%
2021/8/17,173.73,175.92,177.89,173.15,38.41M,-4.91%
2021/8/16,182.71,185,186.26,181.51,20.99M,-3.13%
2021/8/13,188.62,188.61,189.26,186.71,15.38M,-1.59%
2021/8/12,191.66,191.17,192.98,189.68,12.79M,-1.64%
2021/8/11,194.86,196.6,196.92,194.73,8.95M,-0.44%
2021/8/10,195.73,196.94,198.44,195.1,9.98M,0.25%
2021/8/9,195.25,194.91,195.4,192.84,14.66M,-0.58%
2021/8/6,196.39,199.25,199.32,195.68,11.97M,-1.45%
2021/8/5,199.28,198.8,200.29,197.72,9.88M,-0.71%
2021/8/4,200.71,197.48,203.28,197.48,22.33M,1.69%
2021/8/3,197.38,195,197.38,192,20.12M,-1.35%
2021/8/2,200.09,196.25,202.03,196.25,17.89M,2.51%
2021/7/30,195.19,190.58,196.04,190.49,17.25M,-1.19%
2021/7/29,197.54,200.93,201.12,194.98,23.36M,0.78%
2021/7/28,196.01,190.1,197.89,189.86,34.54M,5.34%
2021/7/27,186.07,184.2,186.83,179.71,59.27M,-2.97%
2021/7/26,191.76,198.51,198.54,190.89,55.74M,-7.15%
2021/7/23,206.53,206.29,206.89,203.56,25.54M,-3.51%
2021/7/22,214.04,212.64,216.39,212.6,10.56M,1.40%
2021/7/21,211.08,209.15,211.85,208.42,7.65M,0.23%
2021/7/20,210.59,209,211.5,207.47,9.99M,0.80%
2021/7/19,208.91,206.1,209.08,203.24,15.87M,-1.50%
2021/7/16,212.1,214.85,215.2,211.46,11.15M,-1.24%
2021/7/15,214.76,215.09,216.6,213.18,14.28M,1.54%
2021/7/14,211.5,215.23,216.05,211.04,19.48M,0.95%
2021/7/13,209.51,209.45,212.72,208.22,17.38M,1.96%
2021/7/12,205.48,203.88,206.43,203.13,11.26M,-0.22%
2021/7/9,205.94,202.05,207.27,201.5,16.91M,3.05%
2021/7/8,199.85,201.79,202.19,198.36,33.99M,-3.92%
2021/7/7,208,211.61,212.05,207.82,18.34M,-1.70%
2021/7/6,211.6,215.32,215.4,209.37,23.72M,-2.82%
2021/7/2,217.75,219.16,219.5,216.46,13.00M,-1.86%
2021/7/1,221.87,228.07,228.85,221.55,13.33M,-2.17%
2021/6/30,226.78,226.99,227.98,225.68,9.35M,-1.16%
2021/6/29,229.44,226.7,229.64,225.6,10.27M,0.37%
2021/6/28,228.59,229.5,230.89,226.72,13.56M,0.04%
2021/6/25,228.5,221.71,230.25,221.1,27.38M,4.63%
2021/6/24,218.38,216.99,219.58,215.56,13.49M,1.64%
2021/6/23,214.86,214.19,216.33,213.13,13.79M,1.68%
2021/6/22,211.32,210.42,211.66,209.86,11.09M,0.12%
2021/6/21,211.06,210.55,211.78,208.99,9.27M,-0.58%
2021/6/18,212.3,212.01,213.84,210.59,13.72M,0.33%
2021/6/17,211.6,209.9,212.49,209.77,11.23M,1.09%
2021/6/16,209.32,209.75,211.62,208.23,10.92M,-0.35%
2021/6/15,210.06,214.17,214.49,209.64,12.17M,-1.81%
2021/6/14,213.94,212.25,215.16,212.24,10.77M,1.09%
2021/6/11,211.64,213.45,213.46,211,12.28M,-0.67%
2021/6/10,213.07,213.5,214.8,212.21,10.74M,-0.12%
2021/6/9,213.32,215.21,216.57,213.31,10.23M,-1.16%
2021/6/8,215.82,217.29,218.23,214.74,9.44M,-0.50%
2021/6/7,216.9,218,218.4,215.69,9.93M,-0.97%
2021/6/4,219.02,218.28,219.08,217.14,9.00M,0.91%
2021/6/3,217.04,218,218.7,216.31,12.45M,-1.16%
2021/6/2,219.59,219.43,219.94,217.46,13.13M,0.05%
2021/6/1,219.48,223.02,223.13,218.24,23.05M,2.58%
2021/5/28,213.96,212.76,214.53,212.06,10.40M,0.57%
2021/5/27,212.74,214.17,215.46,212.53,18.68M,0.45%
2021/5/26,211.78,212.3,213.75,211.54,9.41M,0.31%
2021/5/25,211.13,212.83,214.05,211.01,14.12M,0.33%
2021/5/24,210.44,210.03,212.01,208.7,15.88M,-0.29%
2021/5/21,211.06,215.23,215.89,209.87,22.83M,-2.73%
2021/5/20,216.99,213,217.63,212.63,19.12M,2.09%
2021/5/19,212.54,211.1,212.91,210.12,17.03M,-0.55%
2021/5/18,213.72,212.5,215.17,211.42,19.52M,1.27%
2021/5/17,211.05,210.62,213.15,209.44,20.53M,0.74%
2021/5/14,209.51,209.92,210.94,206.02,31.63M,1.66%
2021/5/13,206.08,213.15,215.5,204.39,51.69M,-6.28%
2021/5/12,219.9,224.74,225.29,219,20.37M,-0.67%
2021/5/11,221.38,213.71,221.39,213,13.89M,0.84%
2021/5/10,219.53,222.87,222.87,218.56,17.27M,-2.57%
2021/5/7,225.31,227.9,228.79,225.05,10.55M,-0.49%
2021/5/6,226.42,227.11,228.44,222.88,12.25M,-0.16%
2021/5/5,226.78,228,229.3,226.73,10.01M,-0.49%
2021/5/4,227.9,230.25,231.48,225.45,13.26M,-1.22%
2021/5/3,230.71,231.27,236.17,230.41,13.62M,-0.10%
2021/4/30,230.95,231.77,233.85,230.51,9.33M,-1.38%
2021/4/29,234.18,237.79,238.05,232.6,9.55M,-1.07%
2021/4/28,236.72,237.57,239.22,236.33,9.19M,0.34%
2021/4/27,235.92,233.44,236.93,232.08,11.65M,1.38%
2021/4/26,232.7,231.5,233.49,230.82,7.79M,0.27%
2021/4/23,232.08,230.65,233,230.51,8.97M,1.19%
2021/4/22,229.35,228.76,234,227.82,11.99M,-0.04%
2021/4/21,229.44,229.33,229.49,226.07,14.32M,-0.19%
2021/4/20,229.88,232.87,234.63,228.43,12.09M,-2.09%
2021/4/19,234.78,237.44,238.42,232.81,11.22M,-1.64%
2021/4/16,238.69,241.89,241.89,237.82,14.42M,-0.17%
2021/4/15,239.09,240,240.95,238.13,11.29M,-0.06%
2021/4/14,239.23,244.37,245.09,238.65,12.41M,-1.10%
2021/4/13,241.89,243.66,245.69,239.69,20.79M,-0.87%
2021/4/12,244.01,237.89,244.91,236.65,57.50M,9.27%
2021/4/9,223.31,224.85,225.07,221.32,19.76M,-2.16%
2021/4/8,228.24,228.5,229.42,226.62,12.21M,1.25%
2021/4/7,225.42,226.11,228.19,224.8,18.03M,-2.23%
2021/4/6,230.57,226.03,232,225.74,18.10M,2.34%
2021/4/5,225.3,226.53,226.57,222.52,14.96M,0.42%
2021/4/1,224.36,230.68,231.25,223.5,23.50M,-1.05%
2021/3/31,226.73,229.89,231.52,226.47,16.83M,-1.10%
2021/3/30,229.25,229.27,230.45,226.64,14.83M,-1.13%
2021/3/29,231.86,225.49,232.38,225.1,18.03M,2.02%
2021/3/26,227.26,222,229.24,220.42,22.03M,2.04%
2021/3/25,222.72,225,229.24,222.5,24.82M,-2.99%
2021/3/24,229.59,236.83,237.3,229.24,15.95M,-3.40%
2021/3/23,237.67,237.3,241.12,235.5,12.30M,0.23%
2021/3/22,237.12,235.85,238.53,235,12.06M,-1.11%
2021/3/19,239.79,239.66,241.6,236.88,15.96M,1.42%
2021/3/18,236.43,238.56,239.5,235.56,14.84M,1.32%
2021/3/17,233.34,226.5,235.63,225.81,16.95M,2.82%
2021/3/16,226.93,228.07,229.85,225.53,19.34M,-1.45%
2021/3/15,230.28,228.41,230.45,226.26,14.52M,-0.69%
2021/3/12,231.87,233.69,235.45,229.71,17.78M,-3.71%
2021/3/11,240.8,237.2,241.72,235,15.16M,2.77%
2021/3/10,234.3,241,241.32,233.64,10.49M,-1.61%
2021/3/9,238.14,233.38,238.74,233.07,15.29M,5.05%
2021/3/8,226.69,229.02,230.81,226.53,17.14M,-3.08%
2021/3/5,233.89,235.42,236.43,228.34,15.99M,1.47%
2021/3/4,230.5,235,236.37,228.36,22.96M,-2.44%
2021/3/3,236.27,237.5,239.61,234.45,13.57M,0.79%
2021/3/2,234.42,238.79,241.2,234.27,14.64M,-3.01%
2021/3/1,241.69,241.05,242.79,239.26,14.04M,1.65%
2021/2/26,237.76,244.63,244.9,237.65,17.47M,-1.01%
2021/2/25,240.18,250,250.34,240.07,17.97M,-4.06%
2021/2/24,250.34,252,252,248.1,12.83M,-0.95%
2021/2/23,252.75,247.31,254.9,241.62,15.98M,-0.49%
2021/2/22,254,257.99,259.46,254,14.40M,-3.64%
2021/2/19,263.59,266.05,269.39,262.85,14.72M,-0.35%
2021/2/18,264.51,265.23,266.18,262.33,15.38M,-2.33%
2021/2/17,270.83,270.89,272.32,267.81,13.26M,0.05%
2021/2/16,270.7,271,274.29,270.4,16.71M,1.06%
2021/2/12,267.85,269.09,270.25,265.68,9.36M,-0.40%
2021/2/11,268.93,268.75,274.26,267.2,15.30M,0.43%
2021/2/10,267.79,268.7,270.4,264.6,13.09M,0.49%
2021/2/9,266.49,263,267.2,262.54,12.43M,1.49%
2021/2/8,262.59,264.98,265,261.82,10.76M,-1.16%
2021/2/5,265.67,264.61,266.45,263.21,11.02M,-0.48%
2021/2/4,266.96,269.58,269.99,265.56,16.76M,1.34%
2021/2/3,263.43,264.7,268.28,261.25,29.18M,3.51%
2021/2/2,254.5,264.57,265,254.04,30.53M,-3.85%
2021/2/1,264.69,258.8,265,255.19,15.29M,4.28%
2021/1/29,253.83,256.03,258.9,252.3,14.69M,-2.66%
2021/1/28,260.76,259.17,261.57,257.33,10.24M,0.20%
2021/1/27,260.25,265.13,265.92,259.95,16.05M,-2.13%
2021/1/26,265.92,263.8,266,261.12,14.68M,1.74%
2021/1/25,261.38,263.62,265.2,257.85,19.48M,1.07%
2021/1/22,258.62,256.8,260.33,255.5,13.52M,-0.53%
2021/1/21,260,264.13,264.6,257.9,20.71M,-2.07%
2021/1/20,265.49,267.5,269,262.7,44.64M,5.50%
2021/1/19,251.65,250,252.88,246.99,23.68M,3.36%
2021/1/15,243.46,246.25,246.99,242.15,21.56M,0.20%
2021/1/14,242.98,245.31,245.7,241.47,31.38M,3.26%
2021/1/13,235.3,229.94,240.49,226.29,38.81M,4.30%
2021/1/12,225.6,228.38,229.75,225.14,19.04M,-0.78%
2021/1/11,227.37,229.9,230.82,225.86,23.04M,-3.73%
2021/1/8,236.19,227.88,238.6,226.68,34.88M,4.09%
2021/1/7,226.9,229.31,229.95,220.09,49.36M,-0.31%
2021/1/6,227.61,234.95,238.3,225.86,37.15M,-5.32%
2021/1/5,240.4,229.05,240.76,228.12,35.82M,5.51%
2021/1/4,227.85,226.5,230.38,225.04,24.90M,-2.10%
2020/12/31,232.73,237.46,238.92,231.03,23.45M,-2.37%
2020/12/30,238.39,243.35,243.39,234.65,44.81M,0.90%
2020/12/29,236.26,231.76,239.19,229.6,69.72M,6.25%
2020/12/28,222.36,216.88,224.99,215.32,73.51M,0.16%
2020/12/24,222,228.24,229.9,211.23,141.83M,-13.34%
2020/12/23,256.18,255.5,257.35,252.53,10.73M,0.14%
2020/12/22,255.83,257.87,258.34,255.41,11.49M,-1.77%
2020/12/21,260.43,255.17,260.46,254.5,10.90M,0.17%
2020/12/18,260,263.9,264.9,259.2,15.98M,-1.68%
2020/12/17,264.43,264.7,264.85,260.2,14.31M,0.97%
2020/12/16,261.89,257.74,263.18,257.04,15.80M,2.66%
2020/12/15,255.11,255.34,255.68,252.3,16.60M,-0.36%
2020/12/14,256.03,260.32,260.86,256.03,18.37M,-3.22%
2020/12/11,264.54,264.29,265.32,262.5,7.77M,-0.12%
2020/12/10,264.87,261.99,266.09,261.2,10.29M,0.41%
2020/12/9,263.8,267.56,267.91,263.1,9.06M,-0.86%
2020/12/8,266.09,265.2,268.4,263.87,9.45M,0.79%
2020/12/7,264,265.7,265.97,262.6,11.39M,-1.22%
2020/12/4,267.25,271.02,271.3,266.27,15.53M,0.13%
2020/12/3,266.91,263.78,268.6,263.14,15.52M,2.14%
2020/12/2,261.32,262,263.1,260.11,13.92M,-1.02%
2020/12/1,264.01,265.47,265.67,261.57,14.61M,0.25%
2020/11/30,263.36,268.97,268.97,262.52,30.48M,-4.75%
2020/11/27,276.48,278.8,278.92,275.67,9.58M,-0.45%
2020/11/25,277.72,275.7,279.33,274.05,15.23M,-0.80%
2020/11/24,279.96,276.24,280.61,272.8,20.66M,3.65%
2020/11/23,270.11,274.75,275.73,266.41,25.32M,-0.23%
2020/11/20,270.74,263.97,272.37,261.9,34.18M,4.17%
2020/11/19,259.89,255,261.4,253.56,20.75M,1.59%
2020/11/18,255.83,257.76,258.31,252.55,28.31M,-0.38%
2020/11/17,256.8,260.28,260.28,256.54,19.74M,-0.58%
2020/11/16,258.31,260.42,262.57,257.03,20.86M,-0.97%
2020/11/13,260.84,264.72,265.44,257.17,33.92M,-1.31%
2020/11/12,264.31,271.04,271.2,263.04,27.18M,-0.50%
2020/11/11,265.65,261.92,271.92,261.2,41.70M,-0.33%
2020/11/10,266.54,279.97,280,264.33,61.06M,-8.26%
2020/11/9,290.53,303.77,304,290.5,22.56M,-3.14%
2020/11/6,299.95,291.49,300.89,289.79,25.26M,4.24%
2020/11/5,287.75,289.09,291.25,279.6,49.89M,-2.69%
2020/11/4,295.71,287.79,299.17,285.3,28.79M,3.55%
2020/11/3,285.57,286.2,294.28,280.78,58.13M,-8.13%
2020/11/2,310.84,310.95,311.44,305.39,11.86M,2.02%
2020/10/30,304.69,308.55,310.83,300.19,14.92M,-2.52%
